Latitude,Longitude,Inventory_Level,Temperature,Humidity,Precipitation(mm),Waiting_Time,User_Transaction_Amount,User_Purchase_Frequency,Asset_Utilization,Demand_Forecast,Logistics_Delay,hour,day_of_week,peak_hour,Traffic_Status_Detour,Traffic_Status_Heavy,Asset_ID_Truck_10,Asset_ID_Truck_2,Asset_ID_Truck_3,Asset_ID_Truck_4,Asset_ID_Truck_5,Asset_ID_Truck_6,Asset_ID_Truck_7,Asset_ID_Truck_8,Asset_ID_Truck_9
-65.7383,11.2497,390,27,67.8,10.02347476,38,320,4,60.1,285,1,0,2,0,1,0,0,0,0,0,0,0,1,0,0
22.2748,-131.7086,491,22.5,54.3,21.39759936,16,439,7,80.9,174,1,7,2,0,0,1,0,0,0,0,0,1,0,0,0
54.9232,79.5455,190,25.2,62.2,14.52053489,34,355,3,99.2,260,0,18,0,1,1,0,1,0,0,0,0,0,0,0,0
42.39,-1.4788,330,25.4,52.3,2.613761322,37,227,5,97.4,160,1,0,0,0,0,1,0,0,0,0,0,0,0,0,1
-65.8477,47.9468,480,20.5,57.2,35.41258566,56,197,6,71.6,270,1,15,4,0,0,0,0,0,0,0,0,0,1,0,0
73.3312,46.5831,118,24.3,61.8,9.060740571,56,258,10,66.8,189,0,6,1,0,0,0,0,0,0,0,0,0,1,0,0
27.9307,147.5317,480,20.7,75.4,6.03554437,32,263,3,73.3,198,1,8,0,1,0,0,0,0,0,1,0,0,0,0,0
46.5643,-126.5348,222,23.3,64.2,7.485363893,30,459,9,73.8,253,0,9,5,1,1,0,0,0,0,0,0,0,0,0,1
-83.6737,-31.7125,245,26.4,77.2,10.7366459,14,183,2,69.6,206,0,8,3,1,0,0,0,0,0,0,0,0,0,0,1
54.1683,-135.2676,389,21.9,57.3,35.54852224,52,127,7,63.1,224,0,0,5,0,0,0,0,1,0,0,0,0,0,0,0
82.9633,-154.5274,319,22,53.5,39.72920194,28,360,4,69.8,171,1,23,1,0,0,0,0,0,0,0,0,0,0,0,1
-25.2768,156.1262,234,29.7,63.6,10.65357866,13,406,10,85.5,238,0,22,4,0,1,0,1,0,0,0,0,0,0,0,0
-65.526,-3.0202,154,21.5,74.2,8.505430215,38,215,3,84.4,114,0,21,5,0,1,0,0,0,0,0,0,0,0,1,0
-26.1836,-30.3641,348,27.3,71.6,12.74015677,30,211,2,96.4,115,0,6,0,0,1,0,0,1,0,0,0,0,0,0,0
2.6709,-80.8879,163,25.1,76.8,12.5637166,54,320,5,93.2,231,1,12,2,0,0,1,0,0,1,0,0,0,0,0,0
-22.4793,-54.5143,130,23.7,68.1,5.456550823,45,487,4,84.1,256,1,22,3,0,0,0,0,0,0,0,1,0,0,0,0
-34.5353,-40.8617,391,21.6,72.5,6.579967514,58,298,7,61.5,170,1,17,2,1,0,0,0,0,0,1,0,0,0,0,0
-8.7105,-17.8347,344,21.4,53.5,34.82147244,23,461,9,93.4,106,1,15,0,0,1,0,0,0,0,0,0,0,1,0,0
14.6629,116.0696,409,27.5,66.6,14.26978047,29,492,3,72.6,204,1,6,4,0,1,0,0,0,0,0,1,0,0,0,0
75.7743,108.9425,457,25.5,75.9,10.7471523,21,315,3,83.4,248,0,21,6,0,0,0,1,0,0,0,0,0,0,0,0
50.3419,108.5647,207,29.3,59.4,2.508536339,31,174,5,65.9,195,0,20,2,1,1,0,0,0,0,0,1,0,0,0,0
-6.6729,132.6727,155,19.4,53.2,31.71491631,20,152,1,99.3,235,1,16,2,0,0,1,0,0,0,0,0,0,0,1,0
-74.1751,-102.7331,314,19.9,64.8,5.215959212,57,396,10,78.6,135,0,9,6,1,1,0,0,0,0,0,0,1,0,0,0
-33.2264,169.6187,156,27.2,74.4,14.82279255,35,354,2,63.1,282,0,15,2,0,0,0,1,0,0,0,0,0,0,0,0
-34.4469,93.1585,119,28.1,72.4,10.07878595,41,176,2,60.9,238,0,13,6,0,1,0,0,1,0,0,0,0,0,0,0
-13.511,141.8454,112,19.7,76.6,9.285375283,22,121,3,80.9,262,0,11,2,0,1,0,0,0,1,0,0,0,0,0,0
-22.427,108.2306,435,25.8,78.6,14.6925804,22,220,7,90.8,101,1,2,1,0,0,1,0,0,1,0,0,0,0,0,0
43.3353,-12.0683,422,20,62.9,5.202162585,14,184,9,64,248,1,0,1,0,0,1,0,0,0,0,0,0,0,0,1
-66.7517,161.45,353,20.5,52,31.91499001,26,392,7,76.4,155,1,2,3,0,0,1,0,0,0,1,0,0,0,0,0
-65.7349,-173.3011,299,23.9,50.1,25.67968997,17,315,6,88.3,252,1,0,5,0,0,1,0,0,0,0,0,0,0,1,0
-55.4768,18.2551,261,22.5,78.4,7.368716448,41,209,6,71.8,240,1,3,0,0,0,0,0,0,0,0,0,0,0,0,0
5.9179,74.8254,425,19.3,51.1,31.28049364,39,235,9,88.3,242,1,8,0,1,0,1,0,0,0,0,0,0,0,1,0
49.3929,-47.5805,369,26.3,52.1,2.5453467,48,104,7,66.7,220,0,6,0,0,1,0,0,0,0,0,0,0,1,0,0
80.3158,70.765,223,24,60.2,9.454099959,45,292,6,78.4,205,1,6,2,0,0,1,1,0,0,0,0,0,0,0,0
-19.8847,42.5062,200,28.1,72.1,14.44813202,28,129,9,74.3,134,0,19,4,1,1,0,0,1,0,0,0,0,0,0,0
5.4555,-147.5455,466,26.1,72.1,10.90381279,54,475,9,83.4,222,0,11,1,0,1,0,0,0,0,0,0,0,0,0,1
-19.2577,66.744,474,27.7,71.2,13.50808462,50,311,3,91.6,266,1,22,3,0,0,1,0,0,0,0,0,0,0,1,0
-79.0792,-16.3423,490,23.1,75.2,8.060663203,14,460,7,87.8,261,1,15,6,0,0,1,0,0,0,0,0,1,0,0,0
-1.6787,3.2441,126,29.6,67.6,10.28603585,19,201,9,84.1,255,0,5,3,0,1,0,0,0,0,0,1,0,0,0,0
-8.2431,-12.4959,164,18.2,76.4,7.235773823,45,466,7,98.1,196,0,11,5,0,0,0,0,0,0,0,0,0,1,0,0
-30.0701,135.6396,477,19.2,79.4,5.502347909,12,310,5,63.7,129,1,11,5,0,0,0,0,1,0,0,0,0,0,0,0
61.8444,107.4835,245,24.2,56.9,29.01128866,39,379,2,66.4,183,0,18,6,1,1,0,0,0,0,0,1,0,0,0,0
40.784,77.2346,172,25.2,67.6,11.06522693,40,274,7,66.3,170,1,2,1,0,0,0,0,0,0,0,1,0,0,0,0
-68.3515,158.251,206,20.7,77.5,9.552537431,15,308,2,63.9,209,1,23,6,0,0,0,0,0,0,0,0,0,1,0,0
-33.8378,73.3221,310,18.7,54.7,26.40599842,52,232,9,72.6,113,0,13,5,0,0,0,0,0,0,0,0,1,0,0,0
69.6609,38.4464,225,19,63,8.659919521,17,282,6,99.6,265,1,15,5,0,0,1,0,1,0,0,0,0,0,0,0
20.8843,1.3947,303,20.7,70.6,9.944455262,47,143,10,98.1,123,1,14,3,0,0,0,0,0,1,0,0,0,0,0,0
-14.8081,-177.3003,237,20.7,78.3,9.992540207,35,491,2,80.7,189,1,22,0,0,0,1,0,0,0,0,0,0,0,0,0
0.0414,-130.6505,172,18.2,79.9,7.513169591,46,258,3,60.1,154,0,22,2,0,0,0,0,0,0,0,0,1,0,0,0
-79.9146,-3.8554,214,21.7,77,6.496237417,47,187,10,97.4,175,1,20,4,1,0,1,0,0,0,0,0,0,0,0,1
76.4465,173.1493,330,24,52.9,21.14502402,14,425,1,89.8,289,1,1,4,0,0,1,0,0,1,0,0,0,0,0,0
-15.6005,-92.1974,130,18.1,78.3,7.868193171,39,424,9,92.3,143,1,21,0,0,0,1,0,0,0,0,1,0,0,0,0
67.396,170.1537,364,26.9,67.8,11.02017938,55,467,7,95.2,128,1,12,5,0,0,0,0,1,0,0,0,0,0,0,0
33.6179,-67.2758,430,26.4,68.4,14.25095221,16,277,8,71.9,137,1,13,3,0,0,1,0,0,0,0,0,0,0,1,0
-50.8174,-40.3409,187,18.6,67.7,9.844362694,12,375,5,85.4,140,0,7,3,0,0,0,0,0,0,0,0,0,0,1,0
50.2709,125.6915,323,28.3,61.2,10.51104991,52,139,4,72.4,127,1,16,2,0,1,0,0,0,0,0,1,0,0,0,0
-73.8211,3.187,386,26.6,78.2,12.57153976,19,456,7,87.6,290,0,1,2,0,1,0,0,0,0,0,0,0,0,0,1
79.1172,178.4934,422,19.6,53.3,20.8888946,40,205,5,86.1,242,1,7,0,0,0,1,0,0,0,0,0,0,0,0,1
27.4253,90.1386,433,24,77.8,8.616333198,37,173,9,89.6,143,1,1,1,0,0,0,0,0,0,0,0,0,0,0,1
67.9086,-140.0283,318,26,77.4,10.09216042,19,314,2,70.2,250,0,20,2,1,0,0,0,0,0,0,0,0,0,0,1
-72.8958,129.8921,176,22.6,73.3,8.964477062,37,154,4,91.4,169,1,18,2,1,0,1,0,0,0,0,0,0,0,0,1
-58.6802,-62.7474,125,23.4,57.6,36.74392256,23,191,2,72,241,1,17,2,1,0,1,0,0,0,1,0,0,0,0,0
64.0395,-151.7045,336,27.4,58.9,2.227812853,49,100,10,70.7,236,0,2,2,0,1,0,0,0,0,0,0,1,0,0,0
-24.1402,-168.6013,244,21.3,73.8,8.461339836,39,229,7,98.1,197,1,21,5,0,0,1,0,0,0,0,0,0,1,0,0
72.8574,179.01,391,20.5,71.2,5.92459824,12,112,7,78.3,267,0,15,3,0,1,0,0,0,0,1,0,0,0,0,0
7.3575,86.6442,425,24.2,54.6,20.3467887,32,193,3,69.9,260,0,23,6,0,1,0,0,0,0,0,0,1,0,0,0
68.9594,-123.5048,403,26.9,60.6,12.24820989,50,418,1,67.8,182,0,10,0,1,0,0,0,0,0,0,1,0,0,0,0
14.9079,50.1606,438,26.5,69.3,14.9795077,34,378,5,88.7,256,1,18,3,1,0,1,0,0,0,1,0,0,0,0,0
66.2353,10.8345,339,26.8,64.5,10.5106413,24,235,6,69.3,212,0,5,1,0,1,0,0,0,0,0,0,0,0,0,0
70.1899,-65.6792,203,18,68.9,8.396660596,19,370,3,74.4,254,1,1,2,0,0,1,0,0,0,0,0,0,0,0,1
51.4539,-20.8253,313,23.6,65.2,7.208788094,49,137,6,100,122,0,11,3,0,0,0,0,0,0,1,0,0,0,0,0
-39.88,55.1792,261,27.1,67.3,12.93416868,35,496,2,71.3,264,0,8,5,1,1,0,0,1,0,0,0,0,0,0,0
-17.2355,-130.6915,179,28.5,51,1.38901116,12,354,3,92.8,225,0,8,1,1,1,0,0,0,0,0,0,0,0,1,0
-44.2576,-86.5073,442,18.3,50.3,38.61628034,56,469,2,96.3,192,0,2,2,0,0,0,0,0,0,0,0,1,0,0,0
19.9257,116.0526,291,28.5,54.6,2.286943582,14,316,7,77.5,288,1,16,1,0,0,1,0,0,0,0,1,0,0,0,0
-47.2094,15.6324,348,28.2,68.3,11.43074434,22,415,4,67.4,204,0,7,2,0,0,0,0,0,0,0,1,0,0,0,0
-58.4249,-57.6609,454,23.7,51.9,26.15348157,51,232,7,78.7,172,0,15,5,0,0,0,0,0,0,0,0,1,0,0,0
-20.0696,-73.2689,486,29.1,78.4,10.8282434,21,158,7,62.6,243,0,12,0,0,0,0,0,0,0,0,0,0,0,0,0
-36.8549,164.7618,483,29.2,65,13.30318506,57,167,8,96.8,245,1,10,5,1,0,1,1,0,0,0,0,0,0,0,0
-86.6609,-128.0354,472,23.5,72,9.785883908,59,485,3,67.2,248,0,2,6,0,0,0,0,0,0,1,0,0,0,0,0
-53.3732,-99.637,186,18.9,70.5,7.669702721,38,344,1,95.6,252,0,20,3,1,0,0,0,0,0,0,1,0,0,0,0
-58.7963,-150.4122,366,22.8,66.7,6.158981885,39,219,7,91,211,0,8,3,1,0,0,0,0,0,0,0,1,0,0,0
-46.1616,-46.6401,359,23,71.7,8.297667566,50,486,10,64,169,0,21,4,0,1,0,0,0,0,0,1,0,0,0,0
33.8716,36.8753,422,26.5,75,14.6623189,39,100,6,67.2,127,1,2,4,0,0,1,0,0,0,0,0,0,1,0,0
35.7136,-23.1356,209,24.9,76.8,8.590910997,51,214,2,86.5,156,0,11,0,0,0,0,0,0,0,0,0,1,0,0,0
36.3858,-107.3894,324,20.7,77.5,7.202348856,39,387,1,69.1,138,1,16,4,0,0,1,0,0,0,0,1,0,0,0,0
26.6125,25.4788,199,27.4,57.1,3.165498524,28,383,6,61.9,105,1,4,1,0,0,1,0,0,0,0,0,0,1,0,0
-84.8915,57.5714,213,27.7,58.1,3.818945866,41,267,7,60.9,254,1,19,2,1,0,0,0,0,0,0,1,0,0,0,0
-49.6846,-63.2892,257,23.1,59.1,34.92423442,56,451,3,93.8,248,1,17,6,1,0,0,0,0,0,1,0,0,0,0,0
14.7474,-2.5245,475,22.2,79.4,9.251949674,25,268,3,60.3,151,0,2,2,0,1,0,0,0,0,0,1,0,0,0,0
-8.6011,-63.1274,377,22.7,75.5,7.361167986,59,445,7,99.1,272,0,3,6,0,0,0,0,0,0,0,0,0,1,0,0
67.2149,117.9203,456,26.4,51.4,2.057716469,23,100,1,94.2,105,1,17,0,1,0,1,0,1,0,0,0,0,0,0,0
-11.3392,-69.3395,106,18.3,65.9,6.410224879,53,244,2,99.5,125,1,12,1,0,0,1,0,0,0,0,0,0,0,0,0
26.3763,157.0905,234,29.1,65.3,10.54975771,19,432,3,92.7,214,1,3,6,0,0,0,1,0,0,0,0,0,0,0,0
-13.469,75.3408,390,19.5,79.2,6.149232783,26,366,4,69.4,217,1,14,3,0,0,1,0,0,0,0,0,0,0,1,0
-11.2424,-4.5638,203,20.4,78.3,6.257032961,21,187,5,87.9,262,0,18,4,1,1,0,0,0,0,1,0,0,0,0,0
62.6559,18.8474,297,23.1,59.4,30.13791962,29,268,10,71.2,151,1,8,6,1,1,0,0,0,0,0,0,1,0,0,0
60.8032,-179.5906,238,25,75.8,10.69496463,26,330,9,99.2,165,1,3,4,0,0,1,0,0,0,0,0,0,0,0,1
-10.0451,79.8956,126,28.2,54.5,2.289646228,35,320,4,93.7,136,0,0,1,0,1,0,0,0,0,1,0,0,0,0,0
17.6483,114.2638,455,22.9,79.6,9.426595864,51,410,9,84.9,233,0,9,6,1,1,0,0,1,0,0,0,0,0,0,0
-51.9233,-57.5858,220,29.4,52.4,2.660948571,18,468,9,63.1,137,1,21,5,0,0,0,0,0,0,1,0,0,0,0,0
22.3898,3.8948,403,22.5,62.5,6.177048787,38,225,3,81.4,169,0,11,5,0,0,0,0,0,0,0,1,0,0,0,0
86.3368,29.4478,448,23.4,59.9,26.76649749,41,120,10,70.8,150,1,22,4,0,1,0,1,0,0,0,0,0,0,0,0
-14.6662,-88.3674,168,22.4,57.9,28.01525032,43,377,4,71.1,140,1,18,0,1,0,1,0,0,0,0,1,0,0,0,0
-71.9057,-41.4314,409,18,53.5,24.47925264,47,153,9,74.1,117,1,8,1,1,0,1,0,0,0,0,0,0,1,0,0
54.8888,7.4287,469,20.7,70.4,6.52231781,31,335,7,86.1,298,0,10,0,1,0,0,0,1,0,0,0,0,0,0,0
-89.7915,85.8036,305,20.5,71.2,6.986233009,44,302,10,71.9,141,0,12,4,0,1,0,0,0,0,0,1,0,0,0,0
39.9088,71.9595,219,26.6,79.8,14.34378352,46,245,1,70.5,202,1,6,4,0,0,1,0,0,0,0,1,0,0,0,0
30.7119,111.5767,167,23.8,71.6,7.505670302,55,416,8,60.7,263,1,19,6,1,0,0,0,0,0,0,0,0,0,1,0
5.7076,-79.9256,100,24.1,50.9,22.11650243,39,340,4,96.9,274,1,10,3,1,1,0,0,0,0,1,0,0,0,0,0
69.0509,91.848,321,25.4,53.8,1.61557215,24,340,5,84.6,223,0,7,5,0,0,0,0,0,0,0,0,0,0,0,1
52.7828,176.0671,244,23.6,64.9,6.776623624,24,145,4,67.6,285,0,4,5,0,0,0,0,0,0,0,0,0,1,0,0
42.967,146.1358,281,18.4,74.6,6.18624762,41,419,6,69.1,242,0,0,4,0,1,0,0,0,0,0,0,0,0,0,1
-11.9943,-126.8743,301,18.3,60,8.551040898,42,243,3,99,273,0,21,5,0,1,0,0,0,0,0,0,0,1,0,0
60.5903,-90.0415,437,25.5,73.2,12.33128596,59,310,2,83.9,228,0,5,1,0,0,0,0,0,0,0,0,0,0,1,0
-23.2982,143.8634,253,22.8,78.7,9.259473877,49,180,3,74,296,0,14,2,0,0,0,0,0,0,0,0,0,1,0,0
-34.2189,-36.6288,491,25.5,50.3,0.804123885,18,111,1,97.1,100,1,8,3,1,0,1,0,1,0,0,0,0,0,0,0
19.545,73.0968,172,22.8,60.4,5.424843179,38,187,9,83.3,106,1,11,4,0,1,0,0,0,1,0,0,0,0,0,0
33.3351,-103.926,252,24.4,72.3,7.352151804,54,156,6,86.8,225,1,16,0,0,1,0,0,0,0,0,0,0,1,0,0
-63.2064,30.0818,118,21.8,52.1,32.403819,19,421,8,99.1,284,1,8,1,1,0,0,0,0,0,1,0,0,0,0,0
83.2858,-66.1069,179,25,71.1,11.487483,60,325,1,66.8,226,1,15,2,0,1,0,0,0,0,1,0,0,0,0,0
-23.2424,18.6206,119,25.9,77.7,11.2877959,38,189,7,79.3,149,0,0,0,0,0,0,0,0,0,0,0,1,0,0,0
-89.0793,130.3362,221,22.8,76.1,9.918476336,35,233,4,61.5,281,1,3,1,0,1,0,0,0,0,0,1,0,0,0,0
-11.2908,-105.2515,261,24.5,74.2,6.187804186,36,201,10,67,226,1,6,6,0,1,0,0,0,0,0,0,0,1,0,0
0.3773,-13.6838,226,25.4,73.7,11.64133581,46,138,8,75.5,298,0,10,1,1,1,0,0,0,0,0,1,0,0,0,0
-7.77,163.5958,226,21.1,56.1,30.24408857,50,160,5,77.3,174,1,16,5,0,0,1,1,0,0,0,0,0,0,0,0
-80.1222,-56.1497,415,25.3,54.4,4.41828845,53,345,2,87.4,181,1,17,4,1,0,1,0,0,0,0,0,0,1,0,0
-84.8041,57.168,422,29.7,68.3,10.5312569,45,246,1,85.6,136,1,6,1,0,0,1,0,0,1,0,0,0,0,0,0
-13.1475,-1.0702,413,23.4,67.1,9.919280459,32,325,3,93.3,109,1,6,1,0,0,1,0,0,0,0,0,0,0,1,0
-87.5547,113.4629,269,25.2,57.7,1.210749357,20,247,2,60.9,177,0,2,4,0,1,0,0,0,0,0,0,0,0,0,0
72.9066,36.1965,489,25.7,50.1,0.646186653,51,204,1,65.1,184,1,18,2,1,0,1,0,0,0,1,0,0,0,0,0
16.1951,-119.4492,426,28.8,56.2,3.787065499,30,145,3,81.2,220,0,5,1,0,0,0,0,0,0,0,0,1,0,0,0
28.3461,-1.5547,457,27.9,78.6,11.90574581,18,461,6,69.1,137,1,3,0,0,0,1,0,0,0,0,1,0,0,0,0
-35.5663,47.4028,270,21.7,53.6,23.10830695,15,499,8,94.9,111,0,22,3,0,0,0,0,0,0,0,0,0,0,0,0
-33.246,106.3248,267,29.8,79.8,12.48040408,55,282,5,90.5,173,1,8,5,1,0,1,0,0,0,0,0,0,1,0,0
10.2059,98.618,381,24.4,50.1,22.77679374,54,243,6,61.5,278,1,14,1,0,0,1,0,0,0,0,1,0,0,0,0
-6.2311,173.6264,402,27,74.2,11.56841465,17,155,10,73.4,281,1,6,4,0,0,1,0,0,1,0,0,0,0,0,0
-78.1094,-52.5435,331,20.4,66.1,9.196816183,25,261,6,77.7,264,1,4,6,0,0,1,0,0,0,1,0,0,0,0,0
-70.3645,-128.8622,167,25.6,62.5,11.87129918,40,246,9,63.8,126,0,0,0,0,1,0,0,0,0,0,1,0,0,0,0
18.1183,116.4939,187,23.3,71.7,8.887008113,10,209,10,97.2,151,1,20,5,1,0,1,0,0,0,1,0,0,0,0,0
20.2969,124.1885,298,18.6,74.4,6.851662141,41,248,1,86.3,283,0,12,3,0,1,0,1,0,0,0,0,0,0,0,0
-27.7387,19.6189,331,21.4,62.9,5.678853603,46,235,8,62.6,298,1,11,0,0,1,0,0,0,0,0,0,1,0,0,0
-31.1328,175.8453,180,27.2,52.9,4.900188048,29,390,8,68.4,110,0,22,0,0,0,0,0,1,0,0,0,0,0,0,0
24.8353,-83.7173,282,19.4,71.9,6.375717992,43,464,10,90,107,0,10,4,1,0,0,1,0,0,0,0,0,0,0,0
-32.724,82.9577,363,27,70.9,12.55247004,52,482,6,62.9,248,1,12,4,0,1,0,0,0,0,1,0,0,0,0,0
72.122,89.9728,212,25.9,68,14.64842515,32,312,6,87.6,296,1,3,1,0,0,1,0,0,1,0,0,0,0,0,0
-7.636,51.0615,317,23.9,69.5,6.350718779,59,447,1,97.1,294,0,4,6,0,0,0,0,0,0,0,0,0,0,0,0
-24.0118,111.4726,240,18.8,63.9,8.423567886,23,462,1,61.2,276,0,20,6,1,1,0,0,1,0,0,0,0,0,0,0
77.0042,-12.2919,427,20.3,57.3,26.10591696,18,341,3,85.7,189,1,11,1,0,0,1,1,0,0,0,0,0,0,0,0
-38.6867,-19.9939,144,18.2,53.1,23.68742714,16,106,5,69.4,214,1,1,6,0,0,0,1,0,0,0,0,0,0,0,0
41.375,77.2949,280,25.5,74.2,11.40260333,46,447,2,65.3,236,0,1,1,0,0,0,0,0,0,0,0,0,0,1,0
-68.4651,179.4433,182,20.3,59.8,29.27701421,30,288,7,83.3,107,1,21,2,0,1,0,0,1,0,0,0,0,0,0,0
-13.0063,0.5345,439,21.5,72.8,9.422809088,30,101,10,90.4,114,1,11,3,0,0,1,0,0,1,0,0,0,0,0,0
41.3066,161.1462,174,27.2,77.9,10.7044021,39,173,5,91.1,262,1,22,2,0,0,1,0,1,0,0,0,0,0,0,0
-23.1011,-54.5176,186,24,67.3,5.878695955,44,352,9,85.7,262,1,23,2,0,1,0,0,0,0,0,0,1,0,0,0
-17.6088,-41.4304,109,26.9,75.3,14.57509174,26,314,7,93.3,176,0,22,1,0,1,0,1,0,0,0,0,0,0,0,0
-72.4492,131.8524,483,21.9,71.9,8.196610096,59,226,10,69.2,152,0,10,5,1,1,0,0,0,0,1,0,0,0,0,0
27.3601,-105.0457,100,27.5,68.6,12.40877977,49,464,3,61.7,149,1,7,6,0,0,0,0,1,0,0,0,0,0,0,0
-86.5291,-36.5789,128,28.9,63.7,11.02648147,56,140,1,72.8,127,0,22,1,0,0,0,0,0,0,0,0,0,0,0,0
10.2078,36.857,100,21.9,72.1,6.762885568,22,413,1,67.5,145,0,18,3,1,1,0,1,0,0,0,0,0,0,0,0
-42.6759,-7.9818,468,28.6,65.1,11.50955541,45,419,8,76.1,119,1,9,1,1,0,1,0,0,0,0,0,1,0,0,0
36.2494,143.1951,243,27.7,74.8,13.47088642,28,311,9,97.5,272,0,17,1,1,1,0,0,0,0,0,0,0,0,1,0
28.9964,151.6114,134,29.2,55.5,3.954738314,34,189,1,87.8,270,1,9,5,1,1,0,0,1,0,0,0,0,0,0,0
-22.1005,-38.8449,484,29.1,54.7,1.56811408,48,320,7,84.6,118,0,19,2,1,1,0,0,0,1,0,0,0,0,0,0
47.2803,32.1356,300,22.4,54.3,35.51381954,23,323,5,65.5,230,1,4,0,0,0,1,0,0,0,0,0,1,0,0,0
-25.4692,-70.7603,396,21.9,67.4,9.394291084,24,238,3,60.4,117,0,3,0,0,1,0,1,0,0,0,0,0,0,0,0
20.1451,158.7402,135,26.8,79.1,14.84918539,57,173,7,81.3,115,0,4,6,0,1,0,0,0,0,1,0,0,0,0,0
-29.2726,149.6329,236,21.9,51.9,32.02893654,21,233,6,72,115,0,0,4,0,1,0,0,0,0,0,0,0,0,1,0
-82.3942,179.9237,294,27.6,79.7,14.8881423,24,181,5,88.2,191,1,0,0,0,0,1,0,0,0,0,0,0,0,0,0
37.3932,53.447,209,29.4,57.8,3.56466461,34,319,4,85,208,1,19,5,1,1,0,0,0,0,1,0,0,0,0,0
-3.4094,-85.8774,378,28.2,70.2,10.66712537,60,490,9,66.8,166,1,4,2,0,0,0,0,0,0,1,0,0,0,0,0
-60.2782,-7.5464,355,22.5,74,7.524091008,20,321,3,90.6,252,1,19,1,1,0,0,0,0,0,0,0,0,0,0,0
-1.8123,-156.207,474,29.2,66.1,10.02085195,26,318,5,96.2,110,1,7,4,0,0,1,0,0,0,0,0,0,0,0,1
45.553,20.9015,218,19.5,67.9,8.892200233,27,257,10,62.2,150,0,22,6,0,1,0,0,0,0,0,0,1,0,0,0
-28.382,-47.8231,357,29.3,73.2,13.77837458,22,229,7,94.3,131,0,14,6,0,0,0,0,1,0,0,0,0,0,0,0
-71.0852,-12.9187,255,27.4,59.6,2.00825054,20,497,3,98.4,277,1,16,3,0,0,0,0,0,0,0,1,0,0,0,0
-35.6424,-106.7595,415,22.2,65.8,8.749615472,18,287,2,61.1,256,1,13,3,0,0,1,0,1,0,0,0,0,0,0,0
-81.622,-152.0754,353,29.5,76.8,12.58410929,41,421,8,97.7,212,1,8,6,1,0,1,0,0,0,0,0,0,0,0,1
-22.9111,-154.3594,260,23.8,58.4,25.37169929,49,266,7,77.8,131,0,3,5,0,0,0,0,0,0,0,0,0,0,1,0
-68.7937,-164.3866,447,21.1,75.6,9.801162142,51,315,1,64.7,186,1,20,1,1,0,1,0,0,0,1,0,0,0,0,0
-25.5794,132.2662,483,26.6,50,2.978336174,51,466,6,87.9,272,1,18,1,1,0,0,0,0,0,0,1,0,0,0,0
49.0465,41.3428,363,28.6,75.2,11.8769063,19,358,1,77.4,272,1,16,3,0,0,1,1,0,0,0,0,0,0,0,0
-81.6677,-40.8327,313,20.5,79.3,8.553153553,49,229,7,98.5,126,1,14,6,0,1,0,0,0,0,0,0,0,0,1,0
-69.6887,-34.4563,289,19.3,68.6,9.195546531,33,149,4,74.3,220,0,0,6,0,0,0,1,0,0,0,0,0,0,0,0
-49.1811,-94.1515,171,21.3,66.1,9.560961553,57,125,8,98.9,249,0,9,6,1,0,0,0,0,0,1,0,0,0,0,0
12.8172,76.1408,401,25.7,71.4,12.87860219,30,494,4,81.1,175,0,12,3,0,0,0,0,0,0,0,0,1,0,0,0
20.1146,19.7583,376,25.1,54.1,2.397909265,55,305,5,83.2,158,0,16,4,0,0,0,0,0,0,0,0,0,0,0,1
84.1317,-144.784,371,26.2,58.5,3.374078131,46,168,10,69.5,162,1,12,5,0,0,1,0,0,1,0,0,0,0,0,0
-53.9329,30.3236,496,23.4,71.6,7.918099566,15,451,3,76.3,235,0,1,0,0,0,0,0,0,0,1,0,0,0,0,0
31.8571,-83.1698,149,20.9,68.1,7.448250942,39,274,9,71.8,138,0,22,0,0,1,0,0,1,0,0,0,0,0,0,0
67.7302,-70.1861,166,29.4,59.5,3.844304847,40,210,4,82.9,246,1,14,4,0,0,1,0,0,0,0,0,1,0,0,0
73.3723,93.2464,369,28,52.3,3.035010838,35,481,5,73.4,179,1,12,6,0,1,0,0,0,0,0,0,0,0,0,1
68.2361,-85.9216,409,22,68.1,7.088613586,18,423,10,62.8,282,0,23,4,0,0,0,0,0,0,0,1,0,0,0,0
40.5478,147.0261,494,19.2,58.4,21.72104409,52,231,10,89.5,201,1,14,0,0,0,0,0,0,0,0,0,0,0,1,0
-36.4299,58.0595,238,23.8,79.4,8.573828142,33,416,5,88.2,102,1,7,5,0,1,0,0,0,0,0,0,1,0,0,0
83.2003,-119.0412,422,19.2,54.5,25.91832426,18,437,3,73.5,103,0,19,5,1,0,0,0,0,0,0,0,0,0,1,0
74.5816,-19.6986,132,28.2,57.2,1.592422206,23,401,6,93.6,154,0,10,0,1,0,0,0,0,0,0,0,0,0,0,1
-64.7094,137.791,189,25.2,70,12.56183988,10,360,6,81.9,191,1,22,6,0,0,0,0,0,0,0,0,0,0,0,0
-59.602,62.712,255,28.5,72.2,13.0445606,60,419,2,68.4,246,0,6,4,0,0,0,0,0,0,0,0,0,0,0,0
-68.3712,-65.9802,107,21.9,74.1,6.530089594,51,413,1,84.9,257,1,4,3,0,0,1,0,0,0,0,0,0,1,0,0
3.8431,91.0078,274,19.3,51.4,33.70416613,57,279,10,75.3,127,1,10,0,1,0,1,0,0,0,0,0,1,0,0,0
76.3946,105.7941,206,21.9,68.6,9.436888014,42,100,7,63.3,116,1,18,4,1,0,1,0,0,0,1,0,0,0,0,0
-46.1871,9.4679,270,26.7,72.2,13.21136868,35,107,10,90.8,158,1,22,6,0,0,1,0,0,0,0,1,0,0,0,0
-10.8849,86.0812,277,23.7,72.1,8.064242005,12,195,5,64.5,130,0,10,1,1,0,0,1,0,0,0,0,0,0,0,0
-67.7619,176.4012,454,21,77.3,8.846686575,15,112,10,73.2,237,1,21,5,0,0,0,0,0,0,1,0,0,0,0,0
-22.1101,-65.135,197,27.3,71.3,13.39572465,24,460,9,64.7,162,0,16,5,0,1,0,0,1,0,0,0,0,0,0,0
75.1113,-136.48,182,19.7,72.3,8.669983508,50,428,3,63.3,280,0,23,6,0,0,0,0,0,0,0,1,0,0,0,0
-69.343,131.9033,171,25.1,76.5,10.51779139,55,309,3,94.6,112,1,21,1,0,0,1,0,0,0,0,0,1,0,0,0
35.6522,-84.7025,159,26.9,69.5,13.58135024,32,272,7,69.7,278,0,18,3,1,0,0,0,0,1,0,0,0,0,0,0
-86.157,-92.4652,378,29.5,61.7,14.51151435,13,305,8,98.5,211,1,12,3,0,1,0,0,0,0,0,0,0,0,1,0
25.1355,-2.6802,469,26.2,65,11.68649983,19,477,2,96.9,206,0,14,6,0,0,0,0,0,0,0,0,0,0,0,0
12.0938,96.8996,106,27,56.8,4.579475231,31,120,4,95.7,286,0,16,0,0,1,0,0,0,0,0,0,0,0,1,0
-77.0862,137.9042,486,21.7,76,7.20721025,42,282,9,80.5,139,0,13,0,0,0,0,0,0,1,0,0,0,0,0,0
-17.1205,-47.0657,248,26.3,53.7,1.444546015,40,146,10,71.7,246,0,9,5,1,1,0,0,1,0,0,0,0,0,0,0
-52.8874,162.7464,157,25.4,79.1,10.48664389,17,311,9,69.9,233,0,1,6,0,1,0,0,0,1,0,0,0,0,0,0
-3.6578,176.299,235,23.2,54.6,24.12051526,28,467,9,68.2,206,0,17,0,1,0,0,0,0,0,0,0,1,0,0,0
-7.6641,-25.3717,170,25.4,55.8,2.136347749,55,463,10,60.1,112,1,18,0,1,0,1,0,0,0,0,0,0,1,0,0
-82.1416,-91.8925,342,25.1,52.4,1.931086917,24,103,2,88,209,0,10,4,1,0,0,0,0,0,0,0,1,0,0,0
87.5079,-125.5319,290,20.5,51.4,28.05530613,22,170,4,74.7,147,0,9,4,1,0,0,0,0,1,0,0,0,0,0,0
-76.8771,94.6166,260,22.8,71.7,7.337021163,44,393,5,94.1,154,1,5,1,0,0,1,0,0,0,0,0,0,0,0,0
89.2765,166.6548,378,18.9,55.5,29.19138927,35,367,4,74.4,229,1,19,4,1,0,1,0,0,0,0,1,0,0,0,0
-82.8546,7.876,177,19.2,70.1,8.453742874,57,141,4,86.6,249,1,5,5,0,0,0,0,1,0,0,0,0,0,0,0
-40.284,-86.8089,310,22.8,64.4,5.379526945,33,104,2,98.9,110,1,4,0,0,0,1,0,1,0,0,0,0,0,0,0
2.2208,-170.2641,132,27.5,57.2,0.279793319,36,481,5,65.2,140,1,4,2,0,0,1,0,0,1,0,0,0,0,0,0
54.8423,175.5701,331,25.6,77.8,10.19382746,26,213,9,90.7,269,1,1,4,0,0,1,0,0,0,0,0,0,0,1,0
-78.4723,-82.615,294,24.4,65.2,6.197992289,23,439,8,65,213,0,16,1,0,1,0,0,0,0,0,0,0,0,0,0
4.8496,-60.7988,277,29.3,50.7,2.644970971,24,242,2,93.4,271,1,12,1,0,0,1,0,0,0,0,0,1,0,0,0
54.0342,-98.3083,329,29.7,77.9,13.51207925,33,232,5,91.9,124,1,4,1,0,0,1,0,0,0,0,1,0,0,0,0
41.43,-128.1678,204,18.7,68.5,6.221140521,27,473,2,76.9,217,1,4,6,0,0,1,0,0,0,0,0,0,0,1,0
-56.0674,82.9431,410,28.9,60.3,13.04991502,32,436,1,77.2,272,0,11,3,0,0,0,0,0,0,0,0,0,0,0,0
-0.8539,-177.5496,417,26.9,70.8,13.89770092,44,103,7,94.7,181,1,11,5,0,0,0,0,0,0,0,0,0,1,0,0
54.5973,-128.4974,324,20.7,72.4,8.215480695,12,173,7,95.1,243,0,9,4,1,0,0,0,0,0,0,0,1,0,0,0
-46.1457,161.0254,218,23.8,52.3,39.43769046,52,389,2,79.5,231,1,20,4,1,1,0,0,0,0,0,0,0,0,1,0
76.8391,140.3011,137,23.6,51.7,38.42535663,24,124,6,70.6,279,1,22,1,0,1,0,0,0,0,0,1,0,0,0,0
-59.1914,-125.4515,414,18.3,76.4,5.16317223,42,332,10,66.3,249,1,2,0,0,1,0,0,0,0,1,0,0,0,0,0
-75.6177,-156.976,216,26.9,67.2,10.58570317,35,181,10,86.2,185,0,2,1,0,1,0,0,0,0,0,0,0,0,0,0
-24.1694,30.0335,170,26.4,51.6,3.209135246,47,278,3,96.4,105,1,2,2,0,1,0,0,0,0,0,0,0,0,1,0
-6.8584,150.6127,154,28.6,66.8,10.11475403,18,384,9,60.4,263,0,9,3,1,0,0,0,1,0,0,0,0,0,0,0
-32.2146,166.7941,213,25,72.7,13.9635213,51,353,8,82.6,227,0,20,3,1,1,0,0,1,0,0,0,0,0,0,0
-46.3051,-93.1541,276,24.9,77,5.453039301,60,467,4,84.6,292,0,12,6,0,1,0,0,0,0,1,0,0,0,0,0
-85.0859,41.138,382,22,77.8,6.047680721,47,448,5,81.4,246,0,10,4,1,0,0,1,0,0,0,0,0,0,0,0
89.1858,-159.3242,383,19.1,69,5.205016224,16,238,3,90.7,290,0,15,6,0,1,0,0,0,0,0,0,0,0,1,0
1.429,-119.0925,334,26.6,74.1,12.3526284,10,317,3,73,184,1,13,6,0,1,0,0,0,0,0,0,0,0,0,0
78.3252,15.2758,421,26.3,68.8,14.0248708,53,128,6,76.6,100,1,2,1,0,0,1,0,0,0,0,0,0,0,0,1
-9.2287,107.9306,329,25,51.2,3.167041819,53,233,5,67.2,188,0,5,0,0,1,0,0,1,0,0,0,0,0,0,0
71.4327,127.3664,284,22.1,77.2,8.134345104,16,226,4,95.8,206,1,1,5,0,0,1,1,0,0,0,0,0,0,0,0
-84.0049,111.8327,184,19.2,59.8,31.41310811,23,126,4,90.4,200,1,3,6,0,0,1,0,1,0,0,0,0,0,0,0
7.0779,-165.136,403,20.6,66.1,9.758293773,15,461,4,77.1,263,0,13,5,0,0,0,0,0,0,0,1,0,0,0,0
-86.0858,117.8697,100,22.3,72.3,5.257484421,43,256,5,92.8,101,0,18,2,1,1,0,0,0,0,0,0,1,0,0,0
59.2432,175.9873,135,18.9,55.5,31.54502653,57,162,9,75.3,127,1,12,6,0,0,1,0,0,1,0,0,0,0,0,0
-39.3003,-121.6771,220,25,79,10.37051004,51,481,2,64.3,268,1,14,1,0,0,1,0,0,0,0,0,0,0,0,0
-83.672,164.2522,318,29.8,51.4,4.806905149,24,216,3,83.8,221,0,9,1,1,0,0,0,0,0,0,0,0,0,1,0
5.9541,-156.4873,237,29.2,56.2,0.402135971,15,251,3,76.3,198,0,11,2,0,1,0,0,0,0,0,0,0,1,0,0
-16.3804,-119.0546,459,27.2,78.5,13.9465809,22,323,7,87.3,271,1,23,1,0,0,1,0,1,0,0,0,0,0,0,0
-27.4913,-1.8571,332,21.7,58.9,37.7436654,33,363,6,90.1,131,1,23,3,0,0,1,0,0,0,0,0,1,0,0,0
67.7002,43.853,133,28.7,69.5,13.98919792,57,342,6,99.9,261,0,6,4,0,1,0,0,0,0,0,0,0,0,1,0
30.5045,52.2559,499,18.3,75.1,5.594513262,22,251,1,79.2,139,1,2,3,0,0,0,0,0,0,0,0,0,0,1,0
4.8619,61.4224,350,25.3,71.2,14.37286572,19,177,1,67,209,0,18,3,1,1,0,1,0,0,0,0,0,0,0,0
84.0872,85.2383,186,24.1,72,5.13411721,26,131,4,68.2,189,1,20,4,1,1,0,0,0,0,0,0,0,1,0,0
11.5213,-168.4741,403,23.1,69.3,9.635413455,24,487,10,69.6,104,0,15,5,0,1,0,0,0,0,0,0,0,0,1,0
63.7701,163.2651,193,22.1,68.2,6.38525622,29,231,3,69.7,198,1,12,0,0,0,1,0,0,0,0,0,1,0,0,0
57.5757,-35.0439,254,24,78.6,7.631749335,24,108,3,66.6,219,1,14,6,0,0,1,0,1,0,0,0,0,0,0,0
-66.6009,-11.7155,368,26.1,71,13.07453775,58,336,2,86.5,259,0,8,5,1,0,0,0,0,0,0,0,0,0,0,1
18.755,-46.8871,283,28.5,50.7,2.245550529,11,495,10,88.1,200,1,15,2,0,1,0,0,0,0,0,0,1,0,0,0
50.3574,128.5618,164,25.5,67.6,13.22185208,20,188,7,60.1,268,1,18,6,1,0,1,1,0,0,0,0,0,0,0,0
46.9009,3.749,419,22.1,74.7,7.033080763,31,236,10,95.9,182,0,15,3,0,1,0,0,0,0,0,1,0,0,0,0
17.5319,-65.0765,489,25,69.4,10.62980773,30,345,8,66.1,128,0,18,5,1,0,0,0,0,0,0,0,0,0,0,1
4.8305,-6.5757,498,20.2,55,34.35530094,51,147,8,97.7,247,1,12,5,0,0,0,0,1,0,0,0,0,0,0,0
38.8917,-38.8032,244,21.2,61.8,9.560947662,24,181,2,70.1,238,1,11,0,0,1,0,1,0,0,0,0,0,0,0,0
-20.0482,-83.6915,488,21.5,50.3,22.08269737,32,120,1,79.1,111,1,18,5,1,0,1,0,0,0,1,0,0,0,0,0
-83.2534,-166.3309,152,21.2,70.3,8.417699453,10,467,10,61.5,269,1,10,0,1,0,0,0,0,0,0,0,0,0,0,1
-4.8643,75.4304,168,23.2,71.5,8.668930696,23,292,3,98.8,102,1,21,1,0,0,0,1,0,0,0,0,0,0,0,0
46.7637,-146.4348,268,23.9,79.2,7.398928532,41,295,9,69.5,146,0,22,3,0,0,0,0,0,0,0,1,0,0,0,0
-68.3909,-122.557,341,21.3,76.2,5.020859011,58,429,3,78.6,178,1,22,1,0,0,1,0,0,0,0,0,0,1,0,0
62.3457,-54.2033,166,28.9,50.6,2.830688665,58,197,3,88.8,282,1,6,6,0,0,1,0,0,0,0,0,0,1,0,0
72.8857,135.9494,483,21.4,51.2,35.13734418,33,249,2,67.6,165,1,8,2,1,0,1,0,0,0,0,0,0,1,0,0
2.2782,-158.4628,232,22.3,73.3,9.726580711,19,332,4,78.6,135,1,10,6,1,0,1,1,0,0,0,0,0,0,0,0
11.7686,154.6043,392,20.7,62.8,7.624227592,12,417,2,69.3,109,0,22,6,0,1,0,0,0,1,0,0,0,0,0,0
-75.598,11.134,480,24.9,77.8,6.591674251,53,318,3,69.5,181,1,0,6,0,0,1,0,0,0,0,0,0,0,1,0
23.2931,106.0267,368,28,53.4,2.536106787,42,182,5,77.5,205,0,3,4,0,1,0,0,0,1,0,0,0,0,0,0
-11.3114,-139.811,373,25,62.4,13.25200643,20,125,1,91.2,160,0,12,2,0,0,0,0,0,0,0,0,1,0,0,0
9.6491,47.3499,154,22,53.3,29.10960343,50,208,4,85,231,1,12,2,0,0,1,0,1,0,0,0,0,0,0,0
10.9354,-27.3551,184,19.2,55.3,39.00927672,14,450,3,86.7,247,1,8,5,1,0,1,0,0,1,0,0,0,0,0,0
84.9482,59.5314,204,21.4,61.5,7.414977725,51,490,5,68,288,0,10,0,1,0,0,0,0,0,0,0,0,0,0,1
49.7212,179.2025,227,26.1,65.7,12.59849857,47,247,8,77.8,135,0,23,4,0,1,0,0,1,0,0,0,0,0,0,0
-28.8968,-117.9471,405,28,67.7,10.63528611,48,348,3,78.3,213,0,0,0,0,0,0,0,0,0,0,1,0,0,0,0
-55.5154,-163.6943,392,27.4,69,14.49403961,31,347,9,98,133,0,11,3,0,1,0,0,0,0,0,0,0,1,0,0
16.7636,29.2783,429,27.7,75,12.73117658,12,446,4,65.7,203,1,22,4,0,0,1,0,0,1,0,0,0,0,0,0
-76.307,5.0298,488,25.2,63.9,14.5585707,19,219,4,100,184,1,8,2,1,0,1,0,0,0,0,0,0,1,0,0
-22.4693,149.9634,444,29.8,67.5,10.16009638,41,125,5,63.3,152,1,2,2,0,0,0,0,0,0,0,0,1,0,0,0
71.8859,93.4464,420,18.4,68.5,7.695226827,50,340,10,76.8,212,1,4,2,0,0,1,0,0,0,0,0,0,0,0,0
-9.7179,-117.0145,391,25.5,73.7,10.56443086,31,472,10,77.2,109,0,4,3,0,1,0,0,0,0,0,0,0,0,0,0
-12.2288,-74.7801,212,20.6,50.5,26.23021672,41,498,5,94.1,162,0,20,3,1,0,0,0,0,0,0,0,0,0,0,1
5.4618,-179.8202,157,20.9,77.1,6.169339224,26,499,4,91.4,214,0,21,6,0,0,0,0,0,0,1,0,0,0,0,0
-54.8317,66.4706,399,26.3,79.4,14.03267857,25,476,4,95.6,256,0,11,4,0,1,0,0,0,0,0,0,0,0,1,0
-80.0522,-102.2508,103,27.9,53.1,2.475459134,52,386,1,97.7,141,0,21,4,0,1,0,0,1,0,0,0,0,0,0,0
-13.0527,-122.0924,333,22.1,65,8.524407467,22,243,5,83.2,176,1,15,6,0,1,0,0,0,0,0,0,0,0,0,1
6.3666,136.0794,234,27.3,70.1,12.14960285,45,416,8,86.9,165,0,12,2,0,1,0,0,0,0,0,0,1,0,0,0
83.1243,48.4325,146,29,55.5,0.736891087,52,414,10,82.3,228,1,11,3,0,1,0,0,0,0,0,0,0,0,0,1
51.1898,25.5964,109,20.7,60.9,6.924275863,39,147,9,75,116,1,5,0,0,0,1,0,0,0,0,0,0,1,0,0
-76.3987,-68.1922,357,24.6,73.5,9.213727424,48,266,10,74.4,226,1,4,6,0,0,0,0,0,0,0,0,0,0,1,0
70.5541,-150.1626,356,19.5,63.1,8.297411956,16,118,3,77.8,230,0,5,1,0,0,0,0,0,0,0,0,0,0,0,1
-38.2185,104.1667,349,19.4,62.7,7.280473635,19,296,3,72.3,177,0,11,3,0,1,0,0,1,0,0,0,0,0,0,0
39.1411,138.1786,159,27.1,77.5,13.77414429,33,429,9,77.9,200,1,13,4,0,0,1,0,0,0,0,0,0,0,0,0
-68.8006,159.004,148,25,60.7,10.90620525,43,196,4,64.6,240,0,1,3,0,0,0,0,0,0,1,0,0,0,0,0
51.1598,-170.9311,354,26.9,65.5,10.54357211,14,245,4,73.4,151,1,11,3,0,0,1,0,0,1,0,0,0,0,0,0
-29.5867,41.0612,214,21.5,69.1,6.816307063,49,417,10,76.7,249,1,23,5,0,0,1,0,0,0,0,0,0,0,1,0
-51.3412,-112.1636,307,21,52.8,31.93425992,21,475,4,82.8,107,1,11,3,0,0,0,0,0,0,0,0,0,0,1,0
-49.5057,174.3533,385,24.3,59.4,39.96744917,37,239,3,88.3,148,0,1,6,0,0,0,0,0,0,0,0,0,0,0,0
0.7577,120.0181,490,24,56.1,26.71831906,29,463,6,81.1,134,1,1,2,0,0,1,0,0,0,0,0,0,0,1,0
-2.2911,64.2731,133,19.4,76,7.681794492,36,182,3,70.5,249,1,10,1,1,1,0,0,0,0,1,0,0,0,0,0
78.4324,125.0181,472,24.9,63.2,5.869377362,36,485,9,78.9,271,0,14,6,0,1,0,0,1,0,0,0,0,0,0,0
-2.8329,-29.9102,338,28.9,55.5,0.358907143,39,181,2,88.6,143,0,0,2,0,1,0,0,0,0,0,0,0,1,0,0
70.0103,-164.1914,172,25.5,55.7,0.684460635,25,259,1,65.2,255,0,10,0,1,1,0,0,1,0,0,0,0,0,0,0
11.4885,-172.569,187,24.8,52,36.47278422,31,231,5,91.6,234,1,3,4,0,1,0,0,1,0,0,0,0,0,0,0
74.5261,123.6828,439,23.5,55.1,30.85101142,47,454,3,75.5,196,0,15,3,0,1,0,0,0,0,0,0,0,0,1,0
-12.9509,132.4986,159,18.1,76,9.949696448,18,202,2,94.4,197,0,9,5,1,1,0,0,0,0,0,0,0,1,0,0
81.79,-52.7516,362,18.3,57.6,21.66257795,58,437,8,66.8,123,1,9,0,1,0,1,0,0,0,0,0,0,1,0,0
47.7175,72.531,163,24.6,53.2,22.83699209,34,473,9,72.4,263,0,6,0,0,1,0,0,0,0,1,0,0,0,0,0
-21.5329,-145.2581,258,19.9,51.9,29.60191026,54,237,10,92.7,271,1,7,2,0,0,1,0,0,0,0,0,0,1,0,0
-4.5863,71.7337,319,18,63.6,8.761341439,23,473,7,83,187,1,12,1,0,1,0,0,0,0,0,0,0,0,0,1
-26.6775,-77.2847,247,28.9,60.7,13.17633281,56,115,10,61.6,270,0,3,2,0,0,0,0,0,0,0,0,0,0,0,1
-30.6957,29.255,134,19.9,67.5,8.666803113,42,421,5,77.6,183,0,19,0,1,1,0,0,0,0,0,0,0,0,1,0
64.5212,-83.2639,175,20.9,58.7,32.47002152,35,274,9,61.1,240,0,14,3,0,1,0,0,0,0,1,0,0,0,0,0
68.181,-84.9051,179,24.2,50.2,27.38603449,31,485,10,75.8,255,1,17,4,1,0,0,0,0,0,0,0,0,0,0,1
-81.2116,13.9727,105,27.1,59.8,0.940483424,36,409,7,75.7,290,1,8,3,1,0,0,1,0,0,0,0,0,0,0,0
-21.308,-14.9017,277,23.5,63.9,9.754465581,11,292,8,67.5,234,1,7,3,0,0,1,0,1,0,0,0,0,0,0,0
77.2059,-132.0473,427,26.7,63.8,14.12537161,54,453,6,86.7,101,1,12,6,0,1,0,0,0,0,0,1,0,0,0,0
21.4872,-123.6879,348,22.7,63.3,5.263946487,23,134,4,99.6,251,1,8,3,1,1,0,0,0,1,0,0,0,0,0,0
47.7603,-137.0932,300,23.1,78.1,9.669184212,53,146,4,73.3,280,1,21,1,0,1,0,0,0,1,0,0,0,0,0,0
-4.7971,56.411,457,27.2,69.1,13.23239577,55,319,2,67.7,132,1,14,2,0,0,1,0,0,0,0,0,0,0,0,0
-11.1333,-40.0454,316,26.8,53.5,1.691466504,35,402,10,93.6,206,1,8,3,1,0,0,0,0,0,0,0,0,0,0,0
15.5083,115.4388,207,19.2,59.7,22.32984985,56,484,7,72.6,285,0,15,6,0,1,0,0,0,0,0,0,0,0,0,1
-70.6858,54.4683,333,27.5,55.8,4.422095808,36,141,2,67,264,1,12,2,0,0,1,1,0,0,0,0,0,0,0,0
-18.4278,101.4997,327,22.6,57.4,22.85031147,38,432,4,68.4,171,1,11,4,0,1,0,1,0,0,0,0,0,0,0,0
43.7523,149.8334,197,20,69.6,5.986915025,42,314,3,87.2,201,0,13,6,0,1,0,0,0,1,0,0,0,0,0,0
18.5151,24.3559,356,23.4,72.8,6.871406963,39,486,9,99.2,282,1,8,4,1,1,0,0,0,0,0,0,0,1,0,0
84.6774,61.0153,359,29.2,54.5,3.0517444,50,268,1,67.4,249,1,6,0,0,1,0,0,0,0,0,0,0,0,0,1
49.5864,-154.4224,377,18.1,55,24.78566743,59,476,6,70.2,268,0,3,0,0,1,0,0,0,1,0,0,0,0,0,0
-51.319,-46.5841,228,24.2,59.2,29.29879542,26,321,5,96.3,132,1,20,2,1,0,1,0,0,0,0,0,1,0,0,0
-12.9902,176.1206,399,23.4,71.7,5.858737424,12,239,1,67.6,156,1,3,2,0,0,1,1,0,0,0,0,0,0,0,0
6.8181,52.3685,157,29.8,54,1.798334075,33,151,10,81.2,192,0,12,0,0,0,0,0,0,1,0,0,0,0,0,0
-3.038,106.5694,327,21.2,52.6,36.94317753,48,209,8,98.6,104,0,7,0,0,0,0,1,0,0,0,0,0,0,0,0
35.5141,90.8087,215,21.7,73.4,9.676929654,17,146,9,70.4,296,1,11,0,0,1,0,0,1,0,0,0,0,0,0,0
-40.8724,-42.3243,213,20.2,63.7,8.20087744,16,248,10,68.8,136,1,6,2,0,0,0,0,0,0,0,0,0,0,0,1
44.6347,-110.6304,226,21.4,58,30.92747965,47,348,7,85.7,136,0,5,6,0,1,0,0,0,0,0,0,0,1,0,0
76.5468,-13.5249,334,24.2,76.2,8.290626054,24,402,7,71.5,105,0,20,6,1,0,0,0,0,0,0,0,0,0,0,0
72.8206,90.5169,319,25.5,51.7,2.86898388,32,350,2,69.7,254,0,10,2,1,1,0,0,1,0,0,0,0,0,0,0
81.2554,4.8416,411,20.5,77.4,7.511918311,51,211,5,76.9,244,1,21,2,0,0,1,0,0,0,0,0,0,0,1,0
74.9107,17.8019,208,28.8,64.9,13.46467936,40,437,6,64.6,185,1,6,2,0,0,0,0,0,0,0,0,1,0,0,0
20.446,149.3776,328,22.8,73.6,6.333416255,12,349,9,93.3,162,0,13,1,0,0,0,0,0,0,0,1,0,0,0,0
-60.7101,-29.4842,219,22.9,56.6,24.25833525,49,372,6,64.4,300,1,6,0,0,0,1,0,0,1,0,0,0,0,0,0
74.2314,-113.7355,438,25.7,71.2,10.72909682,21,445,5,90.4,154,0,12,1,0,1,0,0,0,0,0,0,0,0,1,0
16.9737,-7.8198,145,23.3,70.3,9.865179244,44,421,2,93.9,286,0,3,4,0,1,0,0,0,0,0,0,0,0,0,1
35.8055,-41.1532,299,22.4,64.2,8.771706255,54,303,1,88.1,125,0,17,3,1,0,0,0,0,0,0,0,0,0,0,0
6.7867,-133.6343,356,18.9,71.7,9.858970163,25,368,1,66.1,228,0,6,4,0,0,0,0,0,0,0,1,0,0,0,0
6.184,36.1898,137,22.8,50.6,25.42590909,24,465,6,61.3,226,0,5,5,0,1,0,0,0,1,0,0,0,0,0,0
-75.0605,-52.5256,231,24.3,57.8,29.97350156,56,368,7,87.2,203,0,16,6,0,0,0,0,0,0,0,0,0,0,1,0
-77.891,-96.7804,336,19.7,66.7,5.739018517,54,163,7,71.4,122,0,1,5,0,0,0,0,1,0,0,0,0,0,0,0
-47.154,6.9021,290,27.6,71.8,10.19601354,50,460,7,95.9,118,1,17,6,1,0,1,0,0,0,0,0,0,0,0,1
76.1715,-0.0071,427,23.2,70.1,7.980529634,17,320,4,73,162,1,9,1,1,0,1,0,0,0,0,0,0,0,0,0
-85.8283,163.4575,439,26.4,71.3,13.62692166,41,491,7,67.4,273,0,9,0,1,0,0,0,0,0,0,0,0,0,0,1
6.009,-33.838,461,18.6,74.6,7.994448025,23,185,4,77.8,215,1,8,1,1,0,1,0,0,0,0,0,0,1,0,0
3.8184,139.4876,414,29,70.6,13.26102282,25,291,4,92.9,154,1,3,4,0,0,1,0,0,0,0,0,0,0,0,1
66.3417,-154.1243,498,23.8,55.9,31.70191071,16,381,7,67.2,131,1,16,0,0,1,0,0,0,0,0,0,1,0,0,0
-61.8623,113.6304,334,22.5,57.1,37.22916549,43,381,6,73.8,157,0,10,4,1,0,0,0,0,0,1,0,0,0,0,0
44.502,66.5819,144,23,70.3,7.094456845,54,152,1,84.3,242,1,2,4,0,0,1,0,1,0,0,0,0,0,0,0
-12.2885,38.4287,231,28.2,67.2,14.31042766,50,221,1,84.8,270,0,8,2,1,0,0,0,0,1,0,0,0,0,0,0
-40.8275,-46.7423,324,25.5,65.2,13.44254485,51,233,9,90.2,145,1,21,5,0,0,0,0,0,0,0,1,0,0,0,0
-76.5757,-52.269,246,19.4,56.3,21.01020915,16,406,9,65.7,140,0,8,1,1,0,0,0,0,0,0,0,1,0,0,0
-79.279,69.568,283,27.7,52.4,4.729842022,16,280,8,96,297,1,3,0,0,0,1,0,1,0,0,0,0,0,0,0
84.3451,-106.877,453,21.8,66.4,7.096106919,48,305,2,68.9,212,1,3,2,0,0,0,1,0,0,0,0,0,0,0,0
-19.0721,161.7246,392,30,72.1,10.28933988,52,329,4,66.6,174,0,12,5,0,1,0,1,0,0,0,0,0,0,0,0
-69.0311,-32.9575,343,25.2,72.6,10.45147447,21,400,9,87.7,300,0,0,1,0,0,0,0,0,0,0,0,1,0,0,0
87.7793,-108.9268,144,25.8,65.6,11.77651454,23,362,10,88.9,199,1,8,1,1,1,0,0,0,0,1,0,0,0,0,0
-48.3633,-36.2936,151,22.1,59.7,22.93229067,58,338,1,81.5,248,1,21,1,0,0,0,0,0,0,0,0,0,0,0,1
-36.4104,-4.335,389,27.2,59.8,0.874392371,20,129,8,80.8,164,1,11,2,0,0,1,0,0,0,0,0,0,1,0,0
-39.225,-156.4228,355,19.2,62.2,8.815913112,10,137,2,67,269,1,23,1,0,0,0,0,1,0,0,0,0,0,0,0
84.0407,-74.7098,493,20.7,70.9,5.341853129,52,478,1,62.5,103,1,0,3,0,0,0,1,0,0,0,0,0,0,0,0
-68.5324,127.5394,181,22.9,70.3,6.3959035,49,441,7,94.7,168,0,6,4,0,1,0,0,0,0,0,0,0,0,0,1
-8.4586,44.4779,342,22.6,55.5,30.13677662,35,119,3,73.9,199,0,13,1,0,1,0,0,0,0,0,0,1,0,0,0
14.0092,-131.9758,376,20.5,55.5,22.43384738,34,315,9,70.7,297,1,13,2,0,0,0,0,0,0,0,0,0,0,0,1
3.6602,107.779,464,20.8,50.1,27.72666024,16,441,7,91.1,240,1,2,2,0,0,1,0,0,0,1,0,0,0,0,0
29.342,-68.5682,452,26.7,64.1,13.29684887,36,152,1,90.1,231,0,5,4,0,0,0,0,0,1,0,0,0,0,0,0
-20.6524,-102.5762,228,28.7,65,13.13341182,26,271,3,66,290,1,23,3,0,0,1,0,0,0,0,0,0,0,0,1
-88.696,117.3902,288,27.1,69.4,13.29509967,37,144,2,63.6,126,1,23,2,0,0,1,1,0,0,0,0,0,0,0,0
-27.0315,40.2451,133,18.6,79.4,8.715962513,14,314,10,98.8,109,1,15,5,0,0,0,1,0,0,0,0,0,0,0,0
25.5135,-147.3897,117,29.7,63.7,10.27711549,17,159,8,77,106,0,4,4,0,0,0,0,0,0,0,0,1,0,0,0
68.4014,-52.0862,428,28.4,74.2,10.69394267,54,492,1,86.2,286,1,17,6,1,0,0,0,1,0,0,0,0,0,0,0
-7.1543,-132.8372,381,18,53,22.81001566,25,398,9,94.6,100,0,7,2,0,0,0,0,0,0,0,0,0,0,1,0
-78.2763,151.3943,166,22.5,53.8,22.10088867,57,442,6,72.1,284,1,21,3,0,0,0,0,0,0,0,0,0,0,0,1
33.9665,-46.5423,225,26.1,75.8,11.65000963,41,286,3,72.9,224,1,18,1,1,0,1,0,1,0,0,0,0,0,0,0
-59.6899,143.0428,364,18.8,68.2,5.126501585,41,373,1,88.7,215,1,20,5,1,1,0,0,1,0,0,0,0,0,0,0
25.7047,150.6302,318,25.3,74.6,11.64792533,32,486,9,68.1,277,0,6,6,0,0,0,0,0,0,0,0,0,1,0,0
15.4009,52.3537,417,20,61,7.683748103,54,300,4,74.5,156,1,5,2,0,0,1,0,1,0,0,0,0,0,0,0
-86.7799,-102.1496,180,18.5,52.1,36.78619431,10,182,5,99,279,1,10,1,1,0,0,0,0,0,0,0,0,1,0,0
40.3406,159.0723,134,24.1,68.2,5.973759598,35,187,6,99.9,102,1,12,6,0,0,1,0,0,0,0,0,0,0,1,0
40.4005,-149.1521,237,28.1,75.5,11.8549857,18,349,2,90.5,189,0,12,5,0,1,0,0,0,0,0,0,0,0,1,0
-85.1352,73.2511,259,26.6,53,2.553030815,28,118,4,60.2,249,1,11,0,0,0,0,0,0,0,0,1,0,0,0,0
-1.28,1.0168,463,19.8,54.5,23.09351807,12,408,8,71.2,229,1,21,2,0,0,1,0,0,1,0,0,0,0,0,0
45.2617,-152.3952,290,23.7,53.5,29.65428578,44,237,5,85.8,270,0,5,6,0,1,0,1,0,0,0,0,0,0,0,0
-14.7713,-117.3565,345,21.3,53.6,22.26964981,35,388,4,83.5,159,1,2,1,0,0,0,0,0,0,0,0,0,0,1,0
51.4225,112.3362,165,25.6,61.7,13.38787989,50,149,10,62.6,252,1,22,4,0,1,0,0,0,0,0,0,1,0,0,0
-15.2991,-95.0112,259,27,79.7,11.62690156,15,167,9,88.6,147,1,19,2,1,0,1,0,0,1,0,0,0,0,0,0
86.6678,-139.6955,330,26.9,62.9,13.65913947,47,382,6,90.3,115,0,5,5,0,1,0,0,0,0,0,0,0,1,0,0
44.5442,-73.4346,467,19.3,62.1,6.916045368,39,180,8,63.8,145,0,5,2,0,1,0,0,0,0,0,1,0,0,0,0
-48.4503,-99.9978,329,26.7,56.2,0.072604439,16,261,9,90.7,104,0,1,4,0,1,0,0,0,1,0,0,0,0,0,0
-37.3934,31.4093,122,22.9,64,6.809842469,24,409,5,99.7,184,1,4,6,0,0,1,0,0,0,0,0,0,0,0,1
34.0712,123.0237,146,24.2,69.1,6.839365605,58,301,2,82,238,0,0,5,0,0,0,0,0,1,0,0,0,0,0,0
-21.5633,-12.8487,419,26.1,62,14.11675567,19,484,8,96.4,262,1,17,2,1,0,1,1,0,0,0,0,0,0,0,0
-33.3756,7.8261,143,20.1,57,25.52869488,41,143,9,62.1,106,0,10,5,1,1,0,0,0,0,0,0,0,1,0,0
-61.849,-123.7835,445,19.8,54.1,33.21581514,39,375,2,88.3,247,0,10,6,1,0,0,1,0,0,0,0,0,0,0,0
88.5686,-161.7382,450,18.7,56.4,28.95387941,12,140,8,61.9,160,1,11,5,0,1,0,0,0,0,0,1,0,0,0,0
-69.408,-8.1703,451,22.5,51.6,27.0326769,28,421,6,68.8,107,0,3,4,0,1,0,0,1,0,0,0,0,0,0,0
-49.1524,14.1164,425,22.4,65.9,5.654641049,30,452,10,91.4,163,1,0,0,0,0,0,0,0,0,1,0,0,0,0,0
27.787,8.2288,235,25.8,62.6,14.43368536,51,171,6,87.5,207,1,7,5,0,0,1,0,0,0,0,0,0,0,1,0
-13.8485,119.2071,181,29.7,51.8,2.085878619,38,388,10,92.4,292,0,23,2,0,0,0,0,0,0,0,0,0,1,0,0
25.5003,-47.5718,370,23.5,74.4,6.93058886,60,105,1,99.5,128,1,0,3,0,0,1,0,0,1,0,0,0,0,0,0
69.4106,61.7368,102,25.6,76,12.84062175,50,444,9,88.3,105,1,14,0,0,0,1,0,0,1,0,0,0,0,0,0
-6.8964,-35.5418,200,18.5,77.7,8.608924975,24,158,4,82.5,234,0,13,2,0,1,0,0,0,1,0,0,0,0,0,0
-0.1148,-127.6784,292,23.2,68.1,7.90140855,41,440,10,88.9,160,1,4,2,0,0,1,0,0,0,0,0,1,0,0,0
-41.4279,178.8694,401,28.2,51,4.602813726,51,327,3,85.6,138,0,10,0,1,0,0,0,0,0,0,1,0,0,0,0
-0.9333,124.8495,305,27.4,50.8,3.25749194,34,474,1,82,226,1,22,3,0,0,0,0,0,1,0,0,0,0,0,0
-58.2175,7.2699,441,25,75.4,11.02922758,58,149,10,61.3,247,1,0,5,0,0,1,0,0,1,0,0,0,0,0,0
83.3287,-84.2738,130,18.7,67.2,7.610500277,47,367,1,81.7,131,1,0,4,0,0,0,0,1,0,0,0,0,0,0,0
-33.2637,45.4122,265,23.4,56.1,33.32307719,34,406,6,95,133,0,2,3,0,1,0,0,0,0,0,0,1,0,0,0
74.3356,112.5528,426,26.3,77.7,14.27626221,58,373,6,93,125,0,22,0,0,1,0,0,0,0,0,0,0,0,0,0
-53.3015,11.4861,432,28,65.2,11.09650493,35,499,8,97.4,110,1,16,5,0,0,1,0,0,0,0,0,1,0,0,0
-22.5519,60.711,406,20.9,76.4,9.142231377,57,160,9,73.3,120,1,4,5,0,1,0,0,1,0,0,0,0,0,0,0
61.697,164.5493,410,24.5,62.4,9.571162068,40,172,5,86.2,225,0,20,3,1,0,0,1,0,0,0,0,0,0,0,0
-75.2867,-163.4,155,22.6,77.1,9.708820221,13,196,7,83.2,168,0,2,0,0,1,0,0,0,0,0,1,0,0,0,0
87.1386,-114.968,397,23.7,73.5,8.411206518,31,266,1,92.8,265,0,5,3,0,1,0,0,0,1,0,0,0,0,0,0
51.2486,-41.4882,305,28,67.8,13.85228606,13,455,2,80.8,147,0,10,3,1,1,0,0,0,0,0,1,0,0,0,0
-19.8201,2.4374,343,26.2,62.4,14.93766387,18,166,7,62.3,168,1,2,1,0,1,0,0,1,0,0,0,0,0,0,0
-13.561,-52.5469,342,27.6,71.9,12.96212008,24,216,2,67.5,225,0,6,6,0,1,0,0,0,0,0,0,1,0,0,0
51.4883,105.7445,347,29.1,80,15.19042213,25,256,3,69.6,274,1,17,3,1,0,1,0,0,1,0,0,0,0,0,0
21.5738,-95.1501,403,29.5,76.6,11.35743292,36,379,2,66.7,242,1,22,4,0,0,1,0,0,1,0,0,0,0,0,0
-31.8174,59.5716,482,18.1,76.1,6.205489629,54,203,10,74.1,112,1,18,1,1,0,1,0,0,0,0,0,0,0,0,1
-76.0304,112.9276,130,21.6,60.9,7.90002225,48,479,8,83.3,173,0,3,2,0,0,0,0,0,1,0,0,0,0,0,0
47.5481,-97.4831,465,24,72.4,7.190827203,48,112,8,97.1,212,1,20,2,1,0,1,0,0,0,0,0,0,0,0,0
77.8751,144.04,322,26.1,71.9,11.30015547,45,339,8,97.6,145,1,11,0,0,1,0,0,1,0,0,0,0,0,0,0
-56.6674,-50.0426,126,20.3,51.2,39.60893653,53,486,7,97.5,129,0,2,0,0,1,0,0,0,0,0,0,0,0,0,0
62.0999,-9.5972,142,22.7,66.1,6.565188452,59,343,6,86.7,256,0,8,4,1,1,0,0,0,1,0,0,0,0,0,0
57.9908,-117.5288,444,21.6,53.2,27.78191443,16,113,2,96.1,181,0,19,5,1,1,0,0,0,0,0,0,0,0,0,1
73.1274,-63.9399,100,22.4,71.6,6.983828251,22,389,4,73.4,159,0,18,4,1,1,0,0,1,0,0,0,0,0,0,0
-28.6949,-110.5161,227,22.6,58.5,29.75089188,24,477,10,89,139,0,5,2,0,1,0,0,0,1,0,0,0,0,0,0
-28.9152,114.375,416,20.7,69.1,9.099623415,32,139,6,91.7,221,0,9,5,1,1,0,0,0,1,0,0,0,0,0,0
83.9488,131.1197,499,25.8,64,13.23740546,46,295,6,87.6,160,1,23,6,0,1,0,0,0,1,0,0,0,0,0,0
52.1635,10.8296,328,29.8,53.5,1.148849251,54,144,6,78,158,0,22,6,0,0,0,0,0,0,0,0,1,0,0,0
36.5185,-71.9718,324,28.2,56.8,0.980833936,10,249,7,76.7,298,1,5,4,0,0,1,0,0,0,0,0,0,0,0,0
-10.8232,144.0982,401,26.3,59.4,0.038012387,30,268,7,67.6,225,1,14,2,0,0,1,0,0,0,0,1,0,0,0,0
-37.9195,-99.3768,182,22.9,54.4,21.35209327,50,135,3,98.4,268,1,14,6,0,1,0,0,0,0,0,0,0,0,0,0
-7.2984,-44.5918,264,29.5,67.3,14.08601528,32,314,8,65.9,202,1,13,1,0,0,1,0,0,0,0,0,1,0,0,0
13.6845,-126.4199,293,23.8,62.8,6.278382269,19,135,1,98.8,291,0,2,3,0,1,0,0,0,0,0,0,0,0,1,0
-70.6428,166.3723,343,29.5,59.8,4.15536806,35,294,8,73.7,256,0,0,1,0,1,0,1,0,0,0,0,0,0,0,0
-19.3929,-10.2537,103,24.8,79.3,6.787067281,22,393,9,88.6,108,1,20,2,1,0,1,0,0,0,1,0,0,0,0,0
-32.5141,-170.9566,295,23.6,72.8,6.295473691,18,327,5,92.1,283,0,21,0,0,1,0,0,0,0,0,0,0,0,0,1
59.3783,74.9628,300,27.4,52.8,0.992930416,35,431,10,81.2,120,0,13,3,0,1,0,1,0,0,0,0,0,0,0,0
-36.2517,72.4728,108,27.9,65.6,13.40892862,46,138,4,82.7,173,1,10,6,1,0,1,0,0,0,0,0,0,1,0,0
-55.9854,-149.8958,153,27.5,69.9,14.66921019,24,118,7,62.5,237,1,23,1,0,1,0,0,0,0,0,0,0,0,1,0
27.3259,-116.2066,336,22.5,51.6,34.60029347,11,446,6,70.2,275,0,9,2,1,1,0,0,0,0,0,0,0,0,1,0
27.7357,-170.5766,211,21.7,52.3,29.26739328,11,401,9,66.2,241,1,20,0,1,1,0,0,0,0,0,0,0,0,0,1
23.2023,92.2763,144,21.1,58.8,32.20584585,35,443,10,89,141,0,0,3,0,0,0,0,0,0,1,0,0,0,0,0
87.5129,-65.0922,224,21.7,78.5,6.765995636,20,428,7,72.4,287,1,6,1,0,0,0,1,0,0,0,0,0,0,0,0
81.1975,137.0497,185,19.9,66.3,5.408178165,59,264,4,65.2,177,0,23,4,0,1,0,0,0,0,0,0,0,0,0,1
55.919,-39.578,220,28.2,55.4,2.039328712,10,203,8,81.1,281,0,3,6,0,0,0,0,0,0,1,0,0,0,0,0
-15.3314,22.397,236,18.3,69,5.38369411,34,303,2,62.6,270,0,7,4,0,0,0,0,0,0,0,1,0,0,0,0
-55.3603,79.1276,159,29.7,69.6,13.17853593,49,227,1,62,232,1,14,4,0,0,0,1,0,0,0,0,0,0,0,0
8.3934,-165.2068,433,26.4,69.3,12.35823488,25,127,8,84.5,125,1,16,2,0,1,0,0,0,0,0,0,1,0,0,0
27.499,-98.0697,109,25.1,76.5,14.96110382,16,356,5,64.9,127,1,19,2,1,0,1,0,0,0,0,0,0,1,0,0
14.687,-33.9771,453,25.8,78.6,10.38487631,21,142,10,85.7,180,0,18,0,1,1,0,0,0,0,0,0,1,0,0,0
19.3645,-149.4523,169,28.6,78.8,13.91580436,27,482,4,80.5,122,1,16,5,0,0,1,0,0,0,0,0,0,0,0,1
38.0858,-149.297,105,23.6,54.4,33.8724441,18,364,10,76,158,1,4,0,0,1,0,0,0,0,0,0,0,1,0,0
4.379,97.6354,256,29.6,73.7,14.83270069,20,309,8,83.4,142,1,16,4,0,0,1,0,0,0,0,0,0,0,0,1
-28.8542,119.5019,309,22.8,52.8,36.0381966,19,101,2,85.5,242,0,21,6,0,0,0,0,0,0,0,0,0,0,1,0
-17.5843,-151.1609,346,26.9,70.6,12.6779827,44,192,9,76.2,239,0,4,0,0,1,0,0,0,0,0,0,0,0,0,1
15.5281,-170.3941,302,24.6,60.6,5.22826753,30,431,3,76,127,1,0,5,0,0,1,0,0,0,1,0,0,0,0,0
-83.8983,-128.1642,181,24.7,63.4,5.422581247,25,107,8,71.3,265,1,17,3,1,0,1,0,0,0,1,0,0,0,0,0
-25.4823,169.1921,282,21.8,63.6,8.862671673,43,370,7,69.4,251,1,8,5,1,0,0,0,0,0,0,0,0,0,0,1
-69.493,-118.9742,398,26.5,64.8,12.41242113,44,387,1,90.6,122,1,10,0,1,0,1,1,0,0,0,0,0,0,0,0
-8.0714,-158.0304,210,24.7,65,5.941635003,50,185,10,84.1,140,1,8,4,1,0,1,0,0,0,0,0,0,0,0,0
-59.9919,-162.9143,188,22.4,78,6.265907192,40,372,6,98,237,1,18,0,1,0,1,0,0,0,0,0,0,0,0,1
-47.5239,58.4771,298,19.6,76.1,8.819840256,22,396,7,65,230,1,18,4,1,0,1,0,0,1,0,0,0,0,0,0
-39.8052,-126.4073,298,24,63.5,5.052316081,25,456,2,78.9,147,1,23,4,0,1,0,1,0,0,0,0,0,0,0,0
54.0537,-145.9922,326,20,56.6,34.55231676,17,260,6,67.5,162,1,1,6,0,1,0,0,0,1,0,0,0,0,0,0
7.0591,46.7188,354,18.4,77.5,8.634043888,40,262,7,68.5,282,1,8,0,1,0,1,0,0,0,0,0,1,0,0,0
-50.3633,99.5834,269,22.4,63.6,7.791234798,54,481,7,82.5,183,0,10,4,1,1,0,0,0,0,1,0,0,0,0,0
51.9327,-102.4309,475,29.3,62.8,14.46675778,29,359,9,95.1,122,0,17,4,1,0,0,0,0,0,1,0,0,0,0,0
-36.487,14.5024,372,20.4,57.2,35.22010624,29,153,1,78.2,221,1,15,1,0,0,0,0,0,0,1,0,0,0,0,0
27.2654,-34.1042,201,26,51.5,3.649141142,40,429,4,87,107,0,4,6,0,0,0,0,0,0,0,1,0,0,0,0
15.2159,-55.6814,441,25.3,72.9,14.648125,47,152,4,67.4,256,0,16,1,0,0,0,0,0,0,0,0,0,1,0,0
27.4437,43.3224,246,25.3,57.4,4.880943496,33,298,8,70.4,110,1,12,4,0,0,0,0,0,0,0,0,1,0,0,0
-58.6928,165.8667,180,25.4,50.4,4.955637162,32,246,2,65.4,203,1,7,5,0,0,1,1,0,0,0,0,0,0,0,0
-38.0737,56.0723,127,21,54.6,30.13008601,13,452,9,79,299,1,14,4,0,1,0,0,0,0,0,0,0,0,0,1
-50.6778,-102.041,246,20.8,79.2,9.557846898,55,325,2,80.5,271,1,1,0,0,0,1,0,0,1,0,0,0,0,0,0
-88.776,-125.1628,470,21.5,51,32.08619049,59,293,7,86.6,113,1,2,6,0,0,1,0,1,0,0,0,0,0,0,0
69.691,148.6549,386,25.9,71.6,10.17218606,36,193,10,72,299,1,0,0,0,0,0,0,0,0,0,0,0,0,1,0
-82.2616,-141.825,325,26.2,64.3,11.76168996,31,491,7,60.7,290,0,21,4,0,0,0,0,0,0,0,0,0,0,1,0
2.7286,-99.5442,432,25.9,65.8,11.23989995,42,265,8,86.8,140,0,20,0,1,0,0,0,0,0,0,0,0,0,0,0
84.2498,-60.8861,273,20.2,72.2,7.776847401,19,115,5,68.8,238,1,5,3,0,0,0,0,0,0,0,0,0,1,0,0
8.7621,-2.9218,492,21.6,78.3,7.022337982,58,122,9,61.2,202,0,11,2,0,0,0,0,0,0,1,0,0,0,0,0
-59.0753,68.4886,303,24.6,68.6,7.834923106,50,213,6,97.1,297,0,11,0,0,1,0,0,0,0,1,0,0,0,0,0
5.7218,-96.5806,270,28.1,73.6,13.24275456,57,283,2,92.3,122,0,18,0,1,0,0,0,0,0,0,0,1,0,0,0
-38.3158,-38.3257,382,21.6,50.5,38.10001909,31,160,8,94.8,261,0,16,1,0,1,0,0,0,0,1,0,0,0,0,0
-87.4042,-127.3269,197,23.3,53.5,21.62493979,41,259,9,91.3,211,1,17,5,1,0,1,0,0,0,1,0,0,0,0,0
-77.3648,30.9744,368,25,60.7,11.91928634,37,382,5,82.8,225,0,2,6,0,0,0,0,0,0,0,0,0,0,0,1
-73.0477,124.7969,223,19.5,55.6,30.99998057,23,154,4,62.9,217,0,0,4,0,0,0,0,0,0,0,0,0,1,0,0
-27.576,-111.3158,340,25.9,75.3,10.1153556,18,424,7,67.3,287,1,3,3,0,1,0,0,0,0,0,0,0,1,0,0
49.9465,-30.0236,355,20.2,51.3,26.69376429,49,323,4,72.6,100,0,12,2,0,0,0,1,0,0,0,0,0,0,0,0
-50.6856,-9.6236,158,26.6,63.8,14.3132997,51,199,4,84.8,114,1,13,2,0,0,1,0,1,0,0,0,0,0,0,0
84.1122,-87.899,126,25.1,58,1.955352687,47,291,7,92.3,123,1,19,2,1,1,0,1,0,0,0,0,0,0,0,0
49.9197,79.4653,309,20.6,77.3,8.341024142,60,177,5,69.2,271,0,22,0,0,0,0,0,0,0,0,0,0,0,1,0
-44.6254,44.0876,171,22.6,69.9,5.842179116,26,104,2,88.1,132,1,0,2,0,1,0,1,0,0,0,0,0,0,0,0
-57.3005,-23.6888,403,29.6,63,11.94251424,12,197,4,83.8,228,0,0,5,0,0,0,0,0,0,0,0,1,0,0,0
-47.5698,-81.3143,181,25.9,69.1,10.22241024,44,264,9,69.9,223,1,8,1,1,0,1,0,0,0,0,0,1,0,0,0
-80.2675,-80.5726,472,23,68,6.673584381,34,365,3,87.8,294,1,9,6,1,0,1,0,0,0,0,0,0,1,0,0
-70.3213,-61.9179,171,25.5,51.1,1.621947532,43,114,1,92.5,149,0,1,2,0,1,0,0,0,0,0,0,0,0,1,0
48.2512,-106.6383,204,19.2,58,25.55173862,50,465,8,85.2,133,1,13,5,0,0,1,0,0,0,0,0,1,0,0,0
-74.6749,-159.7164,254,26.7,51.3,0.764721319,11,378,8,90.6,208,0,14,3,0,1,0,0,0,0,1,0,0,0,0,0
-46.0132,-8.5335,100,21,71.2,6.00588152,19,315,9,82.2,100,1,10,5,1,0,0,0,0,0,1,0,0,0,0,0
9.3294,-71.5299,211,23.7,66.7,5.227573353,36,149,1,60.7,256,1,8,3,1,0,1,0,0,0,0,0,0,0,0,0
5.0095,-113.8279,145,18.2,62.2,7.52110129,56,430,5,86.7,260,1,4,6,0,0,1,0,0,0,0,0,0,0,0,1
-70.8094,75.1094,244,21.3,79.4,6.155308552,22,312,9,63.5,171,1,13,2,0,0,1,0,0,0,0,0,1,0,0,0
-43.2472,163.3821,104,29.4,59.1,3.567492274,58,229,3,82.9,283,0,15,5,0,1,0,0,0,0,0,0,0,0,0,0
28.1016,167.1982,356,18.4,75.2,6.160345662,32,291,6,90.7,206,0,23,6,0,0,0,0,0,0,0,1,0,0,0,0
-56.2187,27.6037,114,26.8,62.1,12.95477966,55,334,6,85.2,202,1,7,3,0,0,1,0,0,0,1,0,0,0,0,0
65.0538,-146.3887,404,19,76.2,8.344130458,54,230,4,83.7,171,1,10,0,1,0,1,0,0,0,0,0,1,0,0,0
-30.299,153.4529,500,21.7,56.2,34.2801178,20,381,10,90.7,222,0,20,0,1,1,0,0,0,0,0,1,0,0,0,0
72.7626,105.821,375,23,76.3,5.749040914,49,131,4,87.8,137,1,11,3,0,1,0,0,0,0,0,1,0,0,0,0
61.8446,115.5236,361,22.3,66.8,7.29865035,60,157,4,79.8,247,1,23,3,0,0,1,0,0,0,0,0,0,0,1,0
-31.1792,-46.048,239,26.6,51.6,0.157143783,33,333,2,95.1,277,1,21,3,0,1,0,0,0,1,0,0,0,0,0,0
-43.2004,134.8572,191,24,59.7,26.88137664,51,268,8,97,111,0,13,2,0,0,0,1,0,0,0,0,0,0,0,0
-79.6372,-111.7492,171,21.3,58.7,23.57007543,10,292,4,65,184,1,0,6,0,1,0,0,1,0,0,0,0,0,0,0
66.838,-175.1681,113,28.9,56.3,3.187389944,22,417,6,60.8,142,1,8,4,1,0,1,0,0,0,0,1,0,0,0,0
13.7736,12.9911,298,18.8,79.5,8.616146642,51,393,4,74.6,110,0,22,2,0,1,0,0,0,0,1,0,0,0,0,0
-66.2696,-82.0579,184,26,59.6,2.452982091,34,235,6,66.7,299,1,22,0,0,0,1,0,0,0,0,0,0,0,1,0
5.1238,-67.8583,298,18.9,65.9,9.837363573,41,269,2,64.8,234,0,15,3,0,1,0,0,0,0,1,0,0,0,0,0
-85.8715,-162.7167,439,25.1,66.1,13.62639747,46,151,4,79.2,209,1,20,1,1,0,0,0,0,1,0,0,0,0,0,0
86.2679,-50.7895,142,28,67.2,13.56982678,49,458,8,92.5,224,1,15,1,0,0,1,0,0,1,0,0,0,0,0,0
21.3104,-80.5292,202,18.5,69.5,7.474057304,54,261,3,62.5,213,1,12,3,0,0,1,0,0,0,0,0,1,0,0,0
-2.2841,23.4152,418,29.6,67.4,13.45623421,54,199,9,99.9,215,1,15,5,0,0,1,0,0,1,0,0,0,0,0,0
-23.4709,54.5265,458,23.3,58.6,39.06935944,43,372,10,92.9,262,1,23,5,0,0,1,0,0,0,1,0,0,0,0,0
44.5052,-178.7281,313,18.7,74.7,9.499045912,16,284,3,69,105,1,11,1,0,0,1,0,0,0,0,0,0,0,1,0
-8.1413,92.8681,457,18.2,62.6,8.278665362,18,217,9,97.8,199,1,23,0,0,1,0,0,0,0,0,0,0,0,0,1
0.7118,108.5142,298,27.8,76.9,13.38767389,18,414,5,72.2,164,1,4,6,0,0,1,0,1,0,0,0,0,0,0,0
43.2255,-143.0415,106,23.7,74.7,8.819724899,14,442,4,83.6,276,1,10,0,1,0,1,0,0,0,1,0,0,0,0,0
61.8047,-72.1219,293,28.5,59.3,1.411386202,50,168,4,67.2,199,0,11,2,0,0,0,0,0,0,0,0,1,0,0,0
-42.6929,46.2525,301,19.2,57.6,33.77222038,16,256,6,65.4,148,1,3,4,0,0,1,0,0,0,0,0,0,0,0,1
-78.0755,-11.8927,287,25.2,51.8,0.907739544,34,399,2,85,124,0,18,6,1,1,0,0,0,0,0,0,0,0,0,0
65.5547,-128.3673,237,23.4,53.3,23.59971084,38,109,2,87.9,157,0,13,1,0,1,0,0,0,0,0,1,0,0,0,0
-19.5574,-65.5493,258,25.2,67.6,11.22745228,32,484,7,98.8,191,0,7,0,0,0,0,0,0,0,0,0,0,0,0,0
17.7083,-162.0043,480,27.1,76.3,10.02851799,22,497,9,74.9,183,1,20,1,1,0,1,0,0,1,0,0,0,0,0,0
-52.1686,-175.6269,441,22.6,53.3,22.7499228,29,343,3,86.5,172,0,23,2,0,0,0,0,0,0,0,0,0,0,1,0
-84.2375,76.9339,346,21.6,65.2,8.29275032,43,402,8,96.4,157,0,2,0,0,0,0,0,0,0,0,0,1,0,0,0
-7.599,-78.7489,205,23.6,76.2,7.193064303,41,324,2,73.8,153,1,19,6,1,0,1,0,1,0,0,0,0,0,0,0
36.621,97.2194,477,25.1,50.3,0.602255436,32,297,7,96.4,212,1,1,4,0,1,0,0,1,0,0,0,0,0,0,0
-7.9899,-23.5723,355,19.8,60.9,9.757246698,24,226,9,62.8,243,1,10,4,1,0,0,0,0,0,0,0,0,0,0,1
-68.5749,106.2112,148,23.3,59.1,20.21068155,53,161,10,65.7,189,0,10,3,1,1,0,0,0,0,1,0,0,0,0,0
-86.6472,76.1641,190,27.8,62.2,13.69780982,41,238,2,90.2,122,1,10,4,1,1,0,0,0,0,0,0,1,0,0,0
-20.073,169.5863,356,24.8,70,8.409114316,37,345,3,84,245,1,5,5,0,1,0,1,0,0,0,0,0,0,0,0
8.0303,137.6073,228,18.3,52.3,34.23754671,57,350,3,76.5,285,0,17,1,1,0,0,0,1,0,0,0,0,0,0,0
-58.6706,162.7699,437,20.9,55.2,26.72807172,44,336,7,88.6,118,0,17,6,1,0,0,0,0,0,0,0,1,0,0,0
63.6092,-40.4852,295,20.3,68.6,6.491794398,29,249,6,63.2,295,1,16,5,0,1,0,1,0,0,0,0,0,0,0,0
69.9178,-25.7593,365,30,60,14.91070179,18,215,5,95.8,201,0,11,6,0,0,0,0,0,1,0,0,0,0,0,0
27.3884,-85.6938,117,23.9,64.3,7.299562147,16,175,8,73.9,270,1,16,5,0,0,0,1,0,0,0,0,0,0,0,0
5.5363,-6.3698,202,25.9,62.3,10.68992889,11,249,4,98,131,1,9,2,1,0,1,0,0,0,0,0,1,0,0,0
-47.9174,-44.4673,408,29.9,58.9,3.337258841,25,390,8,61.5,117,1,14,4,0,0,1,1,0,0,0,0,0,0,0,0
-58.2884,-53.9833,277,18.2,75.1,5.432756163,60,122,10,65,147,0,14,5,0,0,0,0,1,0,0,0,0,0,0,0
44.4715,61.1203,430,25,53.4,1.581912087,30,251,4,77.6,119,1,1,3,0,1,0,1,0,0,0,0,0,0,0,0
-73.5735,153.529,451,21.3,67.2,9.964527826,24,187,8,69.3,221,1,14,1,0,1,0,0,0,0,0,0,0,1,0,0
-39.3967,15.6452,421,26,78.1,12.89471909,29,379,5,81,118,1,15,4,0,0,1,0,0,0,0,0,0,0,1,0
-46.8183,81.9142,175,29.6,66,14.23941277,34,467,9,98.3,220,0,3,2,0,0,0,0,0,0,0,0,0,0,0,1
57.3299,-54.7962,357,27.4,55.5,4.03323313,43,207,2,60.5,111,0,1,3,0,1,0,0,1,0,0,0,0,0,0,0
86.1935,59.4987,419,26.5,56.2,3.801149396,15,277,2,68.3,280,0,9,6,1,1,0,0,0,0,0,0,0,0,0,1
59.8543,-132.3865,455,19.8,67.6,8.095950512,22,301,3,68.2,254,0,14,5,0,0,0,0,0,0,0,0,0,1,0,0
-41.7908,84.2001,438,24.3,78.8,8.478541592,33,322,7,79,206,1,7,6,0,1,0,0,1,0,0,0,0,0,0,0
-3.7401,43.2693,497,28.2,68.2,12.26257578,47,184,6,63.8,251,0,22,2,0,1,0,0,0,0,0,0,1,0,0,0
-27.0196,-24.081,410,29.8,76.2,12.64853762,52,152,2,76.6,149,0,7,5,0,1,0,0,0,0,0,0,0,0,1,0
-53.7107,-60.5951,306,21.5,78.5,5.011981913,48,317,7,92.8,231,0,16,3,0,0,0,0,0,0,0,0,0,1,0,0
65.9866,135.5421,209,18.6,69.6,8.934954072,50,357,10,92.9,125,1,14,4,0,0,1,0,0,1,0,0,0,0,0,0
-77.8133,-89.1179,155,30,64.5,14.06082223,33,342,6,88.2,179,1,21,4,0,1,0,0,0,0,1,0,0,0,0,0
22.3036,59.4689,318,25.8,79.5,10.51045358,11,161,10,90,191,1,6,5,0,1,0,0,0,1,0,0,0,0,0,0
-10.2023,76.7946,422,23.8,62.4,8.580656018,10,158,4,84.7,294,0,8,2,1,0,0,0,0,0,0,0,0,0,0,1
-9.1011,102.9819,450,22.8,58.7,20.41955841,45,421,9,90,240,0,23,5,0,1,0,0,1,0,0,0,0,0,0,0
-85.2973,149.0859,221,21.6,67.7,5.913191772,39,430,6,71.9,286,1,14,1,0,0,1,0,0,0,1,0,0,0,0,0
-13.1977,107.4226,271,18.7,75.4,5.085461509,37,210,10,72,120,0,9,3,1,0,0,0,0,0,0,0,0,1,0,0
-77.327,-33.6001,402,18.7,59.6,34.83338496,16,454,1,62.9,274,1,17,2,1,1,0,0,0,0,1,0,0,0,0,0
-36.3388,69.5488,119,24.4,68.2,9.486630717,60,125,3,81.6,106,1,6,2,0,0,1,0,0,0,0,0,0,0,0,0
-35.4951,105.3877,385,26.1,68.3,12.4246359,38,114,6,64.6,190,0,17,1,1,0,0,0,0,0,0,0,1,0,0,0
-50.7255,49.2993,443,23.6,66.6,5.954678843,42,333,9,93.1,143,0,3,5,0,1,0,0,0,0,1,0,0,0,0,0
-85.6005,35.8883,271,23.6,74.2,8.711636593,30,214,5,72.1,132,0,16,1,0,0,0,0,0,0,1,0,0,0,0,0
-15.3475,13.3516,133,29.4,51.6,3.39898442,31,485,3,90.1,172,1,10,5,1,0,0,0,0,1,0,0,0,0,0,0
36.4573,-60.8255,388,23.1,64.8,8.935449987,23,329,1,89.2,296,1,15,1,0,1,0,0,0,0,1,0,0,0,0,0
40.9268,-145.299,429,20.9,68,7.245316918,50,196,10,72.9,123,1,19,0,1,0,1,0,0,0,0,0,0,0,0,0
-66.0724,48.2597,145,18.8,62.6,5.902713148,14,408,9,81.3,138,0,8,0,1,1,0,0,0,0,0,0,1,0,0,0
24.1971,18.693,135,20.1,53.8,22.65738285,21,108,10,92,243,0,18,4,1,1,0,0,0,0,0,0,0,0,0,0
46.8609,37.8235,442,22.2,65.4,8.147664705,33,492,5,86.4,145,1,15,1,0,1,0,0,0,0,0,1,0,0,0,0
-56.7854,25.8691,342,27.2,55.1,0.842956297,22,326,2,64.4,300,1,9,0,1,0,1,1,0,0,0,0,0,0,0,0
-35.4329,9.9153,308,25.2,52.5,3.938351907,19,475,8,95,206,1,12,2,0,0,1,1,0,0,0,0,0,0,0,0
63.6965,-131.1519,358,21.6,61.7,9.631949009,23,127,6,85.7,199,1,20,4,1,0,0,0,0,0,0,0,0,1,0,0
-43.4171,160.8423,128,23,69.7,7.743851019,30,462,8,76.7,105,1,10,2,1,0,0,0,0,0,0,0,1,0,0,0
-82.7058,-62.704,426,24.2,75.7,7.20478145,51,303,10,94.1,160,1,19,6,1,0,0,0,1,0,0,0,0,0,0,0
-75.3211,-58.7749,349,21.1,54.1,27.71972959,47,290,5,70.4,233,0,22,1,0,1,0,0,0,0,0,0,1,0,0,0
-50.7085,-85.4515,173,23.1,56,28.41757371,50,440,3,73.4,289,1,3,3,0,0,1,0,0,0,1,0,0,0,0,0
70.7101,-175.9865,184,24.5,54.9,28.19503489,23,159,7,60.2,120,1,14,2,0,1,0,1,0,0,0,0,0,0,0,0
-71.1004,-147.757,318,25.5,64.3,10.30652541,15,215,8,69.1,158,1,23,3,0,0,1,0,0,0,0,1,0,0,0,0
-76.8972,-3.6358,288,24.7,67.4,7.112825008,37,230,7,65,259,0,0,3,0,1,0,0,0,1,0,0,0,0,0,0
39.7998,58.7461,317,18.5,66,6.336677407,36,465,1,68,180,1,23,6,0,0,1,0,0,0,0,0,1,0,0,0
78.5954,-173.0016,122,26.7,73.2,14.47014889,37,128,9,81.4,174,0,15,2,0,0,0,0,0,0,0,0,0,1,0,0
-53.5264,13.0019,291,24.2,67,8.317528676,29,431,9,90.1,172,1,16,1,0,0,1,0,0,0,1,0,0,0,0,0
49.3049,-55.6493,199,23.4,64.4,8.821896673,59,476,10,81.3,123,1,16,2,0,0,1,0,0,0,0,0,0,0,0,0
72.9981,12.4029,488,21.9,75.8,8.830774233,30,147,3,81.6,252,0,16,4,0,1,0,0,0,0,0,0,0,0,1,0
80.4177,-39.9632,445,20.6,68.2,6.759753515,41,418,9,93.6,184,1,21,1,0,0,0,0,0,0,0,0,0,0,0,0
-51.0247,1.8063,247,19.3,62.9,6.764003572,55,466,2,78,183,1,4,1,0,0,0,0,1,0,0,0,0,0,0,0
5.2922,172.6376,351,29.7,52.1,2.018999273,41,330,8,94.5,108,0,18,0,1,0,0,0,0,0,1,0,0,0,0,0
54.3099,-98.941,311,28.9,77.8,12.4566231,43,415,1,76.4,210,1,12,6,0,0,1,0,0,0,0,0,0,0,0,0
-3.8161,-159.7257,495,29.5,50.6,0.627865605,58,179,3,72.3,245,0,21,2,0,1,0,0,0,0,0,1,0,0,0,0
-69.8431,-171.5361,237,23.6,62.7,8.964051675,35,323,9,66.8,267,0,3,4,0,1,0,0,0,1,0,0,0,0,0,0
9.3528,120.0011,290,28.7,72.6,14.3016405,45,151,8,81.7,280,0,1,5,0,0,0,0,1,0,0,0,0,0,0,0
-74.3396,-150.6339,111,22.7,75.6,9.985585748,47,207,4,60.4,131,1,5,1,0,0,0,0,1,0,0,0,0,0,0,0
-62.0623,133.8872,373,27.6,65.8,13.85818071,23,396,1,79.3,126,1,15,1,0,0,1,0,1,0,0,0,0,0,0,0
-53.1354,-164.488,458,25.5,52.1,4.515824186,32,183,6,93.5,154,0,6,2,0,1,0,1,0,0,0,0,0,0,0,0
85.0389,-138.3248,354,24.7,64.1,6.200732119,15,298,4,71.9,162,0,7,3,0,1,0,0,0,0,1,0,0,0,0,0
48.9598,-160.9134,165,28.8,51.6,4.418666648,49,410,8,88.4,291,1,10,4,1,0,1,0,0,1,0,0,0,0,0,0
44.3639,134.3967,471,19.8,55.2,28.04834214,36,369,6,94.7,183,1,17,3,1,0,0,0,0,0,0,0,0,0,1,0
-33.1628,143.557,410,27.5,58.5,1.828067029,21,439,9,72.4,182,0,22,2,0,1,0,0,0,0,0,0,0,0,1,0
-61.1518,140.8152,407,19.9,50.7,21.14528357,55,421,1,87.2,237,1,6,5,0,0,1,0,0,0,0,0,0,0,1,0
-87.8115,97.0492,134,19.5,75.3,6.972756948,45,424,6,80.9,175,0,21,4,0,0,0,1,0,0,0,0,0,0,0,0
-48.3575,115.8351,394,26.9,62.1,10.72972119,29,419,10,90.7,139,1,0,0,0,1,0,1,0,0,0,0,0,0,0,0
-59.5674,11.3653,480,23.9,57.9,23.76579189,57,204,6,62.3,146,1,23,4,0,0,1,1,0,0,0,0,0,0,0,0
-37.2055,79.4485,159,25.6,76.6,12.06360072,25,213,5,82.2,144,0,8,4,1,0,0,0,0,0,0,0,0,1,0,0
38.1095,164.7654,131,19.1,73.3,8.725973235,10,353,3,89.4,149,1,4,3,0,0,1,0,0,0,0,0,0,0,1,0
-20.0991,20.1825,224,20.2,58.9,23.47028336,34,166,6,84.6,105,1,15,4,0,0,1,0,0,0,0,0,0,0,0,0
89.3898,-93.1034,120,22.6,56.4,30.95386579,60,151,9,69.9,194,0,15,4,0,0,0,1,0,0,0,0,0,0,0,0
85.8393,74.4208,321,30,75.4,11.47684518,14,391,1,67.3,138,1,18,3,1,0,1,0,0,0,1,0,0,0,0,0
29.5637,-162.339,238,26.6,50.9,3.513357277,59,160,1,76.8,233,1,21,4,0,0,1,0,0,0,0,0,0,0,0,0
13.5274,-108.9153,297,18.1,77.3,6.205061376,22,376,10,80.2,168,0,10,2,1,0,0,0,0,0,0,0,0,0,0,0
49.8896,46.7765,219,22.3,56.9,38.93885722,44,144,8,62.2,188,1,21,2,0,0,1,0,1,0,0,0,0,0,0,0
61.9951,28.0639,204,29.8,58.9,2.016577596,10,484,3,93,238,1,4,5,0,0,1,0,0,1,0,0,0,0,0,0
88.3545,123.8561,469,21.5,52.2,24.96505125,56,405,10,95.5,135,1,0,2,0,0,1,0,0,0,0,0,0,0,0,0
-1.4258,112.8174,146,24.2,72.4,7.059802864,22,321,9,88.2,190,1,17,1,1,0,0,0,0,0,0,0,0,0,0,1
-18.3801,-175.0496,215,18.9,63.4,9.286693047,57,382,4,71.2,274,1,0,6,0,0,1,0,0,1,0,0,0,0,0,0
72.6206,46.1393,454,22.8,73.3,9.041671314,45,276,5,87.4,261,1,7,3,0,0,1,0,0,1,0,0,0,0,0,0
-10.0844,-0.6042,145,29.2,67.3,12.65618064,36,230,4,85.3,269,0,19,2,1,0,0,0,0,0,1,0,0,0,0,0
73.6225,125.9589,410,18.8,78,8.29215093,35,228,2,92.1,111,1,21,1,0,0,1,1,0,0,0,0,0,0,0,0
-67.5109,-162.0537,350,21.8,60.4,9.516440443,15,238,3,81.1,300,1,21,1,0,0,0,0,0,0,1,0,0,0,0,0
-4.42,-44.1619,474,29.5,51.1,1.990264777,34,136,8,67.8,268,1,17,6,1,1,0,0,0,0,0,0,0,0,0,0
-31.9299,48.9536,357,20.9,50.9,23.22236309,30,495,1,65.6,288,0,12,1,0,1,0,0,0,0,0,0,0,0,0,0
-84.5861,-56.9044,171,28.8,59.3,2.120182502,56,437,10,99.6,235,0,19,0,1,0,0,0,0,0,0,0,0,0,0,0
-20.6577,-86.8013,137,24,78,6.652039121,29,425,7,69.4,270,1,22,3,0,0,1,0,0,1,0,0,0,0,0,0
-56.5959,153.5316,147,24.9,67.6,7.819349941,57,157,4,62.1,261,1,10,5,1,0,1,0,0,1,0,0,0,0,0,0
20.6546,79.9499,194,22.9,69.7,7.856506536,11,140,4,84.7,293,0,12,5,0,0,0,0,0,0,0,1,0,0,0,0
-19.7553,54.2697,291,24.1,70.8,8.754008141,25,414,8,99.4,225,1,20,5,1,0,1,0,0,0,0,1,0,0,0,0
68.0702,98.5995,176,29.5,61.9,14.95943601,31,306,6,73.5,217,0,1,5,0,0,0,0,0,1,0,0,0,0,0,0
25.964,-133.3578,240,27.4,72.9,14.30538856,29,272,8,72.3,106,0,10,0,1,1,0,0,0,0,1,0,0,0,0,0
-86.701,-140.0339,412,23.8,71.6,8.485379471,54,301,6,76.8,183,1,10,3,1,0,1,0,0,0,0,0,0,0,0,0
-35.9441,-133.4183,359,22.6,72.9,5.553090233,60,142,4,78.5,255,0,18,2,1,0,0,0,1,0,0,0,0,0,0,0
62.9176,116.017,491,20.6,74.7,5.066023725,16,183,7,60.3,273,0,18,0,1,1,0,0,0,0,0,0,0,0,1,0
69.7549,-126.8123,130,29.9,65,14.64992645,50,385,10,72.6,106,1,14,3,0,1,0,0,0,1,0,0,0,0,0,0
-0.5355,120.9793,336,22.1,75.2,9.466529104,33,443,5,73.2,186,0,12,5,0,1,0,0,0,0,0,0,0,0,1,0
57.9277,-106.3278,330,29.5,68.5,13.43262084,14,358,1,70,283,0,18,2,1,0,0,0,0,0,0,0,0,0,0,1
-86.177,112.1068,118,25.1,59.5,1.488811924,36,200,1,80.6,239,0,0,2,0,0,0,0,0,0,0,0,1,0,0,0
-9.2728,-173.0699,147,21.6,52,37.68171275,24,187,7,71,173,0,21,4,0,0,0,0,1,0,0,0,0,0,0,0
-84.3224,76.1163,258,23.3,71.8,7.677669933,20,466,7,80.6,277,1,3,3,0,0,1,0,0,1,0,0,0,0,0,0
-27.8806,-32.4778,315,21.7,54.9,33.76942854,51,479,7,83.7,293,1,9,2,1,0,1,0,0,0,0,0,0,1,0,0
-48.8409,171.332,233,25.3,52.8,4.077313988,19,123,7,92.3,192,1,20,2,1,1,0,0,0,0,0,0,0,0,1,0
28.627,162.8857,282,18.4,68.8,6.160683291,16,281,4,78.8,285,1,7,5,0,0,1,0,0,0,1,0,0,0,0,0
-7.2601,52.512,117,28,73.9,10.10636357,55,156,10,63.7,277,1,20,6,1,0,1,0,1,0,0,0,0,0,0,0
-16.8576,-8.0033,242,23.7,56,33.85378893,41,190,5,61.8,265,0,18,2,1,1,0,0,0,0,0,0,0,0,0,0
-42.1652,-40.9587,497,24.1,77.5,6.101971517,39,319,10,60,224,0,15,5,0,0,0,0,0,0,0,0,0,0,1,0
4.2073,-152.132,384,25.6,78.8,13.08013431,52,161,10,83.6,161,1,0,6,0,1,0,1,0,0,0,0,0,0,0,0
7.8031,43.4739,258,26.8,60.5,14.21962144,12,413,8,86.9,207,0,9,0,1,0,0,0,0,0,0,0,0,0,0,1
-6.8792,165.0017,258,29.4,66.1,11.67390384,54,395,2,71.4,256,1,18,0,1,0,1,0,0,0,1,0,0,0,0,0
60.6073,74.3625,291,26.9,52.3,4.432354447,34,253,2,94.9,228,1,12,1,0,0,1,0,0,0,0,0,0,1,0,0
-87.2317,143.0006,135,29,62.2,12.76497943,24,155,3,69.4,196,1,6,3,0,0,1,0,0,0,0,0,0,0,0,1
38.825,-51.8451,437,23.3,61.6,9.186756885,45,177,5,93.3,106,1,14,5,0,0,1,1,0,0,0,0,0,0,0,0
-53.5255,-1.9486,441,23.1,57.1,33.06598522,55,490,10,65.1,289,1,18,5,1,0,0,0,0,0,0,0,0,0,0,1
71.1182,-120.1134,268,20.3,78.1,9.305614209,30,102,6,91.7,132,1,20,6,1,1,0,0,0,0,0,0,1,0,0,0
-78.4902,-101.3255,142,24,51.6,38.21196963,40,160,7,70,276,1,15,2,0,0,0,0,1,0,0,0,0,0,0,0
35.0933,-170.9221,264,25.3,55.2,2.51431121,51,213,10,85.5,173,0,18,2,1,0,0,0,0,0,0,0,0,0,0,1
67.0296,-18.7078,426,25.3,56.8,3.121300761,15,241,5,83.5,224,1,10,2,1,0,0,0,0,1,0,0,0,0,0,0
-29.6573,-37.6029,214,24.3,56.9,36.76527823,35,497,6,70.2,111,1,17,3,1,0,0,0,0,0,0,0,0,0,1,0
-9.1109,76.762,123,19.3,63.4,6.375492903,35,303,3,64.9,240,0,21,0,0,1,0,0,0,0,0,1,0,0,0,0
50.7076,-21.7653,295,22.2,64.9,5.620576184,19,385,9,77.1,235,1,22,1,0,0,1,0,0,0,0,0,0,1,0,0
48.352,-54.56,378,23.3,78.7,9.069650395,17,364,8,96.1,230,0,22,1,0,0,0,0,0,0,0,1,0,0,0,0
-39.7867,81.5636,209,19.3,51,30.65920366,18,443,2,91.5,213,1,11,0,0,1,0,0,0,0,1,0,0,0,0,0
36.5436,71.7597,325,28.8,55,1.472524878,56,316,4,77.8,300,1,10,3,1,0,0,0,0,0,0,0,1,0,0,0
32.8663,-79.992,362,21.7,54.6,39.58963015,22,441,3,74.6,194,1,22,4,0,0,1,0,0,0,0,0,1,0,0,0
-0.1019,99.8069,451,27.5,56.7,4.504299202,23,446,6,62.1,203,0,0,2,0,0,0,0,0,0,1,0,0,0,0,0
-56.8231,71.5841,201,27.5,53.1,4.18212119,10,169,3,65.1,242,0,8,2,1,0,0,0,0,0,0,0,0,0,0,1
-61.9668,113.8899,442,23.6,58.1,38.95896458,47,165,1,93.3,191,1,10,4,1,0,0,0,0,1,0,0,0,0,0,0
-63.8035,61.4571,274,19.3,70.3,8.619991263,26,404,7,81,141,0,21,5,0,1,0,0,0,0,0,0,0,0,0,0
-31.7275,-28.5676,180,24.9,68.9,8.070541884,14,189,3,89.4,275,0,16,3,0,0,0,0,0,0,0,1,0,0,0,0
69.9959,-10.5335,213,22.8,65,5.627035657,51,361,6,74.5,274,1,21,5,0,1,0,0,0,0,0,0,0,0,0,0
-63.1722,145.3756,353,22,66.8,9.199028353,27,327,9,71.2,146,1,5,2,0,0,1,1,0,0,0,0,0,0,0,0
35.7913,6.3765,495,20.6,71.5,5.24149632,32,166,2,62.5,282,1,4,1,0,0,1,0,0,0,0,0,0,0,1,0
-58.8531,45.0498,162,21.3,76.8,9.857432734,53,164,3,61.6,104,1,0,0,0,1,0,0,0,0,0,0,0,0,0,0
49.4007,-106.1531,252,28,66.5,11.00419885,44,298,6,72.8,150,1,3,4,0,1,0,0,0,1,0,0,0,0,0,0
8.4222,-69.7522,361,19.5,78.6,8.629717274,21,358,9,93,235,0,10,4,1,0,0,0,1,0,0,0,0,0,0,0
-6.5166,-143.3822,115,29.3,65.1,13.91905572,32,445,1,79.4,123,1,16,3,0,0,1,0,0,0,0,0,1,0,0,0
-43.1797,-64.4769,172,22.5,69.7,8.458450924,55,216,9,72.1,106,1,8,6,1,0,1,0,0,1,0,0,0,0,0,0
45.047,69.7014,403,28.2,76.1,12.25831977,51,457,7,73.9,229,1,15,4,0,0,1,0,0,0,0,0,0,0,1,0
-15.8011,138.7785,426,22,73.1,5.183913069,29,392,5,94.6,236,0,16,3,0,0,0,0,1,0,0,0,0,0,0,0
-30.8564,26.7562,368,26.6,74.9,14.51799783,28,341,6,97.1,217,1,19,1,1,1,0,0,0,0,0,0,0,1,0,0
16.0296,-36.3349,173,24.9,58.1,32.46214692,34,287,9,96.8,131,1,13,1,0,0,0,0,0,0,0,0,0,0,0,1
81.3962,-79.6193,371,22.9,67.2,5.847568147,35,121,8,90.9,213,1,20,5,1,0,1,0,0,0,0,0,0,0,0,1
77.5436,-156.2479,199,28.5,68.8,14.279487,18,201,2,71.2,181,1,0,5,0,0,1,0,0,0,1,0,0,0,0,0
51.8047,66.0193,319,22.3,50.8,36.41843038,52,188,8,66.4,153,0,10,1,1,0,0,0,0,0,1,0,0,0,0,0
37.5523,145.1973,437,29.1,76.5,12.28611204,46,122,10,73.6,111,0,23,0,0,0,0,0,0,0,1,0,0,0,0,0
30.5875,132.7309,203,19.2,63.6,6.672910144,31,123,9,84.1,270,1,15,6,0,0,1,0,0,0,0,0,0,0,0,1
-86.9276,120.7534,466,26.3,70.4,11.3747861,53,291,8,62.1,287,1,18,4,1,0,1,0,0,0,0,0,0,0,1,0
-44.6569,129.8625,418,22.9,62,8.298240449,26,405,1,62.3,124,0,9,0,1,1,0,0,0,0,0,0,0,0,1,0
53.8186,-158.4252,124,26.7,50.1,2.022669959,10,460,5,69.4,130,1,7,5,0,0,0,0,0,0,0,0,0,1,0,0
26.0226,103.2098,322,25,57.7,3.809608445,15,190,4,86.8,159,1,5,2,0,0,0,0,0,0,0,0,0,0,0,0
14.1508,-54.4659,351,25.1,74.2,12.677178,54,223,9,62.2,267,1,21,2,0,0,1,0,0,0,0,0,0,0,1,0
22.8356,-12.873,350,27,66.7,10.66883258,56,207,2,64,248,0,7,3,0,1,0,0,0,0,1,0,0,0,0,0
79.2334,166.4549,179,20.6,53.6,30.82830004,36,480,7,72.1,246,1,1,0,0,0,1,0,0,0,0,0,0,1,0,0
-9.0289,-69.4256,338,27.3,70.1,11.13848008,29,129,1,82.4,281,1,8,1,1,0,1,0,0,0,0,0,1,0,0,0
71.2228,-86.3993,334,28.9,62.8,12.27479787,15,106,5,97.2,127,0,7,0,0,0,0,1,0,0,0,0,0,0,0,0
-29.6864,-88.6901,411,19,55.4,34.85860196,14,409,7,94.5,192,0,8,0,1,0,0,1,0,0,0,0,0,0,0,0
-19.5759,-39.5531,481,22.8,74.7,8.305951112,42,157,1,65.2,259,1,21,3,0,1,0,0,0,0,0,0,0,1,0,0
81.1,113.2247,224,26.4,75.4,11.65506798,23,234,4,86.6,131,1,19,4,1,1,0,0,1,0,0,0,0,0,0,0
32.7849,30.955,377,19.5,51,34.22678457,11,226,8,64.1,266,1,5,6,0,1,0,0,0,0,0,0,0,0,1,0
49.048,4.8896,283,19.6,75.5,6.348733077,49,496,6,78.9,130,1,13,3,0,0,1,0,0,0,0,0,0,1,0,0
-13.9612,89.5342,174,20.2,74.2,6.371876017,49,403,5,83.5,227,1,17,0,1,1,0,1,0,0,0,0,0,0,0,0
64.4113,-121.7647,440,20.4,62.4,9.153759177,35,199,10,80.3,269,0,14,6,0,0,0,0,0,0,1,0,0,0,0,0
-77.7986,-155.4098,497,21.8,71.3,7.756186114,22,424,2,79.8,168,1,3,0,0,0,1,0,1,0,0,0,0,0,0,0
16.2591,175.1485,337,21.1,64.4,6.921164605,49,226,2,89.6,298,0,4,1,0,1,0,0,0,0,0,0,0,1,0,0
30.6749,78.4743,315,21.4,62.6,7.515617128,27,482,9,77.2,153,1,17,2,1,0,1,1,0,0,0,0,0,0,0,0
-18.0675,76.7802,219,18.1,64.6,9.747795301,24,179,8,83.3,202,0,12,0,0,0,0,0,0,0,0,0,0,1,0,0
-89.7784,-163.7965,247,28.3,76.2,11.72805136,53,190,10,93.6,111,1,18,1,1,0,0,0,0,0,0,0,0,0,1,0
-30.5476,63.5282,148,19,50.3,24.40293884,50,481,2,87.3,243,1,7,3,0,1,0,0,0,0,0,0,0,0,0,1
-16.8317,-114.4787,205,23.4,61.4,5.039763343,31,279,2,79.1,118,0,3,6,0,0,0,0,0,0,0,0,1,0,0,0
42.6126,-69.5408,243,28.9,57.8,3.665315682,33,277,10,84.4,151,0,19,4,1,0,0,0,1,0,0,0,0,0,0,0
44.5289,31.1002,226,21,69.4,9.736397326,27,406,5,99.9,285,1,2,0,0,1,0,0,0,0,0,0,0,0,1,0
84.7161,77.1114,350,23.7,59.8,25.91871621,42,188,10,98.6,248,0,17,2,1,1,0,0,1,0,0,0,0,0,0,0
-64.0954,-155.4074,272,23.4,57.2,22.47502264,51,419,6,63.1,159,1,19,3,1,0,0,0,0,0,1,0,0,0,0,0
20.3388,-109.3313,378,21,60.8,6.205083736,30,318,3,84.8,181,1,0,0,0,0,1,0,1,0,0,0,0,0,0,0
-14.5017,-20.1486,127,23.7,51.2,26.6970627,38,463,1,78.9,272,1,17,4,1,0,1,1,0,0,0,0,0,0,0,0
-35.3643,134.8909,275,23,55.7,38.79525022,39,264,1,64.4,281,0,14,0,0,0,0,0,0,0,1,0,0,0,0,0
1.3295,83.6357,483,28.6,72.4,14.57581976,51,243,1,73.7,167,1,23,1,0,0,0,0,0,0,0,0,0,1,0,0
88.7652,-178.2706,179,25.5,70.9,14.97202117,12,427,9,60.3,157,1,18,0,1,1,0,0,0,1,0,0,0,0,0,0
54.493,24.5979,325,26.4,53.7,4.898116337,49,495,3,79.5,145,0,8,2,1,1,0,0,0,1,0,0,0,0,0,0
49.7431,156.3216,256,22.3,66.3,7.123362384,10,462,1,95.5,276,1,9,1,1,0,1,1,0,0,0,0,0,0,0,0
-86.9357,-84.9718,405,20.5,55.6,28.2803874,25,442,4,70.5,269,1,3,3,0,0,1,0,0,0,1,0,0,0,0,0
-59.6078,157.02,428,23.5,67.3,8.381740949,33,152,8,71.3,300,1,1,5,0,0,1,0,0,0,0,1,0,0,0,0
-10.9298,-89.0306,247,18.3,56.7,24.23499532,60,194,6,66.8,192,1,4,2,0,0,1,0,0,0,0,0,0,0,0,0
-54.3571,-133.1938,276,19.6,53.4,27.08397622,38,408,2,89.2,118,1,20,0,1,0,1,0,0,0,0,0,0,0,1,0
-82.1754,-169.4219,410,25,72.9,13.77826107,21,306,2,71.2,132,0,0,6,0,0,0,0,0,0,0,0,0,0,1,0
-11.3631,83.0819,449,28.8,76.2,12.72830566,31,234,8,91.7,129,0,9,6,1,0,0,0,0,0,0,0,0,0,0,0
-48.3838,-163.1177,403,19.4,70.3,7.416491212,43,238,5,79.7,202,0,6,4,0,0,0,0,0,0,0,0,1,0,0,0
7.0557,-122.6525,380,27.1,71.5,10.07347292,23,373,3,97.1,286,1,17,1,1,0,0,0,0,0,0,0,0,1,0,0
-1.0776,51.9075,417,27,62.8,10.92629871,33,373,1,74.1,122,1,1,2,0,0,1,0,0,0,0,1,0,0,0,0
-81.5733,-17.3787,169,28.4,74.4,13.81779402,53,342,6,98.1,179,1,14,2,0,0,1,0,0,0,0,0,0,0,0,0
75.2109,170.3371,382,22.2,63.2,7.472859686,12,467,6,80.6,210,1,9,0,1,0,0,0,0,0,0,0,0,1,0,0
-21.4288,-164.2915,404,18.8,69.3,8.208565091,59,307,10,67.7,223,1,2,4,0,1,0,0,0,0,0,0,1,0,0,0
-49.145,-120.0898,399,20.1,74.2,9.657756291,54,317,8,88.2,143,1,3,2,0,1,0,0,0,0,0,0,0,0,1,0
-87.3835,60.4609,271,24.6,73,6.954241121,53,382,3,94.1,166,0,2,1,0,1,0,0,0,0,0,0,0,0,0,0
69.6413,1.4327,332,18.8,74.7,7.754149021,16,279,2,61.8,289,1,21,5,0,0,1,0,0,0,0,0,0,0,0,0
19.9466,-104.4665,445,25.7,50.8,1.156673953,28,414,2,75.5,140,1,3,1,0,0,1,0,0,0,0,1,0,0,0,0
19.5573,171.8697,426,23.6,58,35.56235081,47,263,1,92.9,136,1,4,2,0,0,1,0,0,0,0,0,1,0,0,0
-46.9621,87.6972,419,27,56.7,4.602593042,25,378,2,74.3,212,0,4,1,0,1,0,0,0,0,0,0,1,0,0,0
-34.4433,-4.0669,128,29,71,11.61966433,12,404,8,81.3,272,1,2,4,0,1,0,0,0,0,1,0,0,0,0,0
-7.8199,-78.215,200,19.2,67.7,5.295324883,11,349,6,73.6,299,1,20,2,1,0,1,0,0,0,0,0,0,0,0,1
11.6611,44.7505,434,29.4,76.3,10.68385725,30,166,1,94.6,220,1,9,3,1,0,1,0,0,0,0,0,0,0,1,0
-12.4175,135.9866,339,26.4,73.8,10.03854567,58,488,3,89.3,299,1,21,5,0,0,0,0,0,0,0,0,0,0,0,0
-79.3451,-52.5151,224,19,79.9,8.293932188,17,139,4,96.1,279,1,4,2,0,0,1,1,0,0,0,0,0,0,0,0
24.4216,-7.0649,387,18.4,79.5,9.447377071,17,456,2,65.9,155,1,14,4,0,0,0,1,0,0,0,0,0,0,0,0
71.7196,-107.3427,146,26,57.2,3.813534104,47,188,4,76,131,1,10,3,1,0,0,0,0,0,0,0,0,0,1,0
-69.6585,23.6323,177,18.6,74.5,6.833559266,16,429,1,72.4,132,1,1,1,0,0,1,0,0,0,1,0,0,0,0,0
67.365,71.5047,316,26.4,60,14.36165714,36,274,1,68.2,218,1,13,1,0,1,0,0,0,0,0,0,0,0,0,0
-31.9611,-75.8092,458,25,79.6,12.06729132,56,303,1,73.8,206,1,13,5,0,0,1,0,0,0,0,0,0,0,0,1
-82.4812,139.058,481,24,72.5,8.875321144,34,152,4,79.8,299,0,11,6,0,1,0,0,0,0,1,0,0,0,0,0
25.3254,132.6264,231,19.4,66.6,7.62349721,32,289,8,77.6,240,1,9,2,1,0,1,0,0,0,0,1,0,0,0,0
40.7401,110.4737,129,19.2,77.9,9.029290407,11,448,4,68.9,132,0,20,5,1,1,0,0,0,0,0,1,0,0,0,0
-53.779,30.8863,398,29.1,75.3,10.25180931,58,172,1,99.3,194,0,14,2,0,1,0,0,0,0,0,0,0,0,0,0
-39.3791,-53.1316,149,19.8,51.3,38.30551389,24,386,6,87.2,208,1,3,0,0,0,1,0,0,0,0,1,0,0,0,0
46.2788,41.3453,338,20.6,65,6.254440521,56,421,2,86.9,142,0,16,5,0,1,0,0,0,0,0,1,0,0,0,0
-65.9199,-160.2292,252,27.1,59.8,0.715419736,53,457,8,95.4,273,0,0,0,0,1,0,0,0,0,0,0,0,1,0,0
-32.2707,98.1472,330,26.5,59.2,4.276343242,51,274,3,69.1,139,0,10,0,1,0,0,0,0,0,0,1,0,0,0,0
73.392,-62.3138,464,28.2,61.4,12.7618142,20,177,3,60.3,279,1,7,1,0,0,1,0,0,0,0,1,0,0,0,0
77.7678,-165.1979,141,27.7,55,1.738697496,12,432,10,87.5,278,1,12,4,0,0,0,0,0,0,0,0,0,0,1,0
-2.8228,75.2804,463,19.5,64.4,6.07278749,32,244,1,69.8,294,0,6,3,0,1,0,0,0,0,0,1,0,0,0,0
-74.278,137.456,223,25.2,54.1,4.017028018,45,121,1,85.9,153,0,4,6,0,1,0,0,0,0,0,0,0,0,1,0
-21.5797,129.7599,301,18.5,75.3,9.553132593,39,140,6,78.5,208,0,2,4,0,0,0,1,0,0,0,0,0,0,0,0
35.9521,5.775,195,26.9,79.8,11.16099762,57,190,2,60.6,235,0,22,1,0,0,0,1,0,0,0,0,0,0,0,0
-8.7267,-140.3988,310,23.8,72.4,7.388793587,53,277,4,91.3,122,0,23,5,0,0,0,0,0,0,0,0,0,1,0,0
-56.1219,135.4235,100,23.6,64.3,6.066007544,29,276,5,89.1,198,0,17,6,1,1,0,0,1,0,0,0,0,0,0,0
23.2259,110.6901,147,18.7,68.5,7.610684921,25,439,9,75.2,266,1,15,5,0,0,1,0,0,0,0,0,0,0,0,0
-53.6993,79.0096,251,22.8,62.9,5.612500209,52,173,3,72.9,268,1,23,3,0,0,1,0,0,0,0,0,0,0,0,1
-3.822,-40.3169,108,26.6,61.7,13.30370887,47,122,7,64.6,116,0,22,2,0,1,0,0,0,0,0,0,0,1,0,0
-48.053,-175.0849,340,27.9,69.1,11.7549839,32,162,2,90.9,300,0,4,3,0,0,0,0,0,0,0,0,1,0,0,0
68.132,-51.5071,167,21.6,54.6,28.62280918,46,240,10,60.5,278,1,15,5,0,0,0,0,0,1,0,0,0,0,0,0
-80.4289,177.558,488,24.9,79.2,8.662913923,52,290,10,82.5,248,1,12,2,0,0,1,0,0,1,0,0,0,0,0,0
42.9526,146.6224,330,24.4,79.5,9.904340701,19,110,7,66.3,109,0,6,4,0,0,0,0,0,0,0,0,0,0,1,0
-40.5556,55.0777,177,25.6,71.9,14.71089273,20,193,6,95.5,182,0,19,0,1,1,0,0,0,0,0,0,0,0,0,1
-12.7845,-147.2449,132,22.9,66.5,9.453063632,35,209,6,94.3,122,0,2,1,0,0,0,0,0,0,1,0,0,0,0,0
-63.6304,164.185,208,22.5,65.9,7.846644229,38,462,7,83.1,193,1,13,3,0,0,1,0,0,0,0,0,1,0,0,0
21.8816,128.7922,348,25.8,62.9,10.71381434,24,352,6,96.5,164,1,0,5,0,1,0,0,0,0,0,0,1,0,0,0
-85.9619,103.5733,156,19.4,75.2,7.728920724,44,135,1,66.6,108,1,20,5,1,0,1,0,0,0,1,0,0,0,0,0
-36.6154,-46.3008,468,26.6,59,4.445683701,16,144,4,86.8,276,1,4,3,0,0,1,0,0,0,0,1,0,0,0,0
-85.0916,68.3039,142,28.4,67.3,12.80148274,30,181,6,84.3,104,1,9,2,1,1,0,0,0,0,0,0,0,1,0,0
-13.6168,-165.0825,349,21.1,55.1,32.79488294,13,453,10,65.1,111,1,1,6,0,0,1,1,0,0,0,0,0,0,0,0
42.6032,146.1485,226,23.9,61.2,7.664077308,13,211,2,67.5,232,1,16,0,0,0,1,0,0,0,1,0,0,0,0,0
86.8195,-21.0786,481,22.4,77.9,9.763221766,25,143,8,71.4,124,0,21,2,0,1,0,0,1,0,0,0,0,0,0,0
-82.6294,-72.3332,448,20.1,65.7,6.399553845,20,180,7,61.7,253,0,18,3,1,0,0,0,0,0,0,1,0,0,0,0
41.9728,81.4274,441,18.9,67,7.111027385,48,359,8,76,300,1,12,0,0,1,0,0,0,0,0,1,0,0,0,0
-7.3863,-44.8767,470,25.1,70.3,13.53392187,11,417,3,76.5,126,1,22,3,0,0,1,1,0,0,0,0,0,0,0,0
-21.2573,12.4574,459,26.4,50.6,0.627349747,17,222,9,94.9,265,1,22,4,0,0,1,1,0,0,0,0,0,0,0,0
-33.9378,-176.3102,324,27.7,54.8,0.875722354,46,344,10,70.7,105,0,9,0,1,0,0,0,0,0,0,0,1,0,0,0
23.9115,179.0046,194,24.9,57.9,26.21959745,10,220,3,77.3,172,1,8,5,1,1,0,0,0,0,0,0,0,0,1,0
-80.5196,-2.9668,334,22.8,61.1,9.856936661,52,389,2,88,123,0,8,2,1,0,0,0,0,0,0,0,0,0,0,1
45.8603,148.4775,179,25.5,75.8,14.32386075,19,139,9,83.5,282,0,15,3,0,0,0,0,1,0,0,0,0,0,0,0
60.0491,-175.5019,401,27.1,67.2,12.10202882,51,487,3,86.3,238,1,23,5,0,1,0,0,0,0,0,0,0,0,1,0
-33.9528,-54.2201,384,24.2,72.5,8.603698408,50,131,3,80.1,141,1,4,3,0,0,1,1,0,0,0,0,0,0,0,0
7.9549,-109.2897,434,22,69.2,5.149255535,17,233,10,63.4,138,1,6,6,0,0,1,0,0,0,0,0,0,0,0,1
-6.9237,20.9631,366,18.7,59.1,30.23572389,39,466,6,82.7,109,1,10,5,1,1,0,1,0,0,0,0,0,0,0,0
-80.5883,-167.4673,269,27.7,57.5,3.440197194,54,288,6,89.8,116,0,7,0,0,1,0,0,0,1,0,0,0,0,0,0
-60.3563,95.7232,292,22.7,61,5.443269793,42,358,9,77.7,256,0,4,2,0,0,0,0,0,0,0,0,0,0,0,0
-83.3207,19.9119,288,25.4,62,13.57760474,54,154,2,71.9,211,0,1,5,0,0,0,0,0,0,0,0,1,0,0,0
-54.4964,-93.8603,286,20.7,59,38.71453265,43,387,4,60.7,134,1,2,2,0,0,1,0,0,0,0,0,0,0,1,0
66.5399,160.551,155,24,72.4,8.30950123,28,398,6,63.8,278,1,5,4,0,1,0,0,0,0,0,0,0,1,0,0
16.1144,-24.4118,488,26.5,66.6,12.84719647,41,104,1,67.1,151,1,9,2,1,0,1,0,0,0,0,0,0,0,1,0
-84.9601,17.4992,386,21.8,79.7,9.548794303,15,463,1,75,224,0,20,1,1,1,0,0,0,0,0,0,0,0,1,0
-62.6441,-34.4446,153,20.7,55.3,27.22382094,55,304,8,79.5,147,0,12,2,0,1,0,0,0,1,0,0,0,0,0,0
82.9727,171.1469,317,26.5,52.7,2.111567464,37,427,2,69.9,233,1,9,5,1,0,1,0,0,0,0,1,0,0,0,0
-50.8081,11.3148,281,28,73.5,10.828815,43,390,5,86.4,153,0,16,2,0,1,0,0,0,0,0,1,0,0,0,0
67.8612,174.7961,473,24.8,61.7,9.625598642,19,360,10,97.3,186,1,19,1,1,0,1,0,0,0,0,0,0,0,1,0
52.0415,-64.6403,221,25.2,68.5,11.36429583,41,101,9,99.3,287,0,15,1,0,1,0,0,0,0,0,0,0,1,0,0
-74.9003,146.0765,276,29.2,77.1,11.6797462,39,483,7,71.5,157,0,23,0,0,0,0,0,1,0,0,0,0,0,0,0
-10.7414,-56.5849,331,21.6,61.2,9.246915378,24,450,8,64.4,123,1,1,6,0,0,1,0,0,0,0,1,0,0,0,0
77.436,42.529,249,24.3,78.8,5.042603568,13,125,2,78.7,165,1,12,1,0,0,1,0,1,0,0,0,0,0,0,0
-39.701,158.9084,379,23.8,78.8,8.322834578,22,361,5,89.3,112,1,4,6,0,1,0,0,0,0,0,0,0,0,0,0
65.9337,130.6003,489,18.4,59.9,28.87348819,28,136,9,74.3,272,0,3,4,0,1,0,1,0,0,0,0,0,0,0,0
-3.7749,-110.6148,211,19.8,52.8,39.33911717,23,423,1,80.6,185,1,15,4,0,0,1,0,0,0,0,0,0,0,1,0
-22.1627,-58.0963,454,18.9,50.9,25.87488986,45,230,7,70.2,116,0,22,5,0,1,0,0,0,0,0,0,0,0,1,0
-7.7974,-150.3367,427,23.9,56.2,36.1709368,31,443,3,89,148,1,14,0,0,0,1,1,0,0,0,0,0,0,0,0
-47.9015,-121.4183,332,24.4,69.5,7.29530654,27,343,5,87.6,235,1,8,0,1,0,1,0,0,0,0,0,0,1,0,0
64.0594,-102.2596,195,19.3,70.6,6.814770075,34,134,2,98.2,220,1,12,6,0,0,1,0,0,0,0,0,0,0,0,0
38.5127,-17.3878,249,23.6,74.3,8.435114768,45,482,7,66.8,246,0,9,5,1,1,0,0,0,0,0,0,0,0,0,1
53.447,-162.7863,274,22,51.1,36.16684248,38,175,4,64,271,1,11,1,0,0,1,0,0,0,1,0,0,0,0,0
77.998,-97.0043,272,19,72.1,6.392468319,32,113,6,94.9,119,0,20,3,1,1,0,0,0,0,0,0,1,0,0,0
-83.1143,74.21,214,27,55,1.958198896,18,319,3,67,127,1,13,0,0,0,0,0,0,0,0,0,0,0,0,0
14.4593,157.9293,487,18.7,62,5.468925207,35,432,9,72.3,247,1,8,0,1,1,0,0,0,0,0,0,1,0,0,0
-48.6056,-11.5509,420,29.9,64.6,12.88720509,34,282,10,79.4,134,1,10,4,1,0,1,1,0,0,0,0,0,0,0,0
-11.6172,47.739,135,24.7,67.1,5.06205925,26,380,7,64.6,109,1,11,4,0,0,1,0,0,0,0,1,0,0,0,0
17.7318,-166.4083,269,25.2,63.5,13.24370079,19,262,7,71.6,295,0,22,4,0,1,0,0,0,0,0,0,0,0,0,0
-31.4958,-37.5932,419,21,74.2,5.014760484,29,386,9,95.1,186,0,9,3,1,0,0,0,1,0,0,0,0,0,0,0
79.6896,84.1175,407,23.5,77.7,8.82603249,55,351,6,68.4,168,0,16,0,0,1,0,0,0,0,0,0,1,0,0,0
-79.5331,-178.6658,331,24.2,74,6.533143489,60,225,8,61,142,0,12,0,0,1,0,0,0,0,0,0,0,0,0,1
63.9549,-128.7581,444,20.8,63.9,7.327594904,38,203,1,73.7,201,1,15,1,0,0,1,0,0,0,0,0,0,0,0,0
61.1522,5.9286,319,29.1,61.3,10.88382309,24,392,7,72.8,123,0,12,2,0,1,0,0,0,0,0,0,0,0,0,0
-26.3913,-155.6326,402,21,66.3,7.86244248,52,306,10,70.1,251,0,12,5,0,0,0,1,0,0,0,0,0,0,0,0
14.8779,-139.1721,269,19,73.6,8.177956457,50,307,3,68.1,102,1,8,2,1,0,0,1,0,0,0,0,0,0,0,0
49.6418,-121.3862,318,22.5,59.3,33.7012527,18,331,9,97.3,273,1,23,1,0,0,1,1,0,0,0,0,0,0,0,0
-48.6654,115.3562,388,24.6,74.3,9.719616457,29,461,1,68.1,159,0,2,0,0,1,0,0,0,1,0,0,0,0,0,0
38.047,-80.0446,166,26.9,58.3,3.93936174,29,283,3,64.1,113,1,6,4,0,0,0,0,0,0,0,0,1,0,0,0
9.8934,13.9028,338,28.7,65.6,11.95741203,45,348,8,96.1,230,1,8,1,1,0,1,1,0,0,0,0,0,0,0,0
-43.0411,-154.0658,457,18.7,52.7,37.51790274,52,366,4,93.1,275,0,19,3,1,0,0,0,0,0,1,0,0,0,0,0
-71.8307,-53.6072,274,21.5,74,8.189084965,23,448,5,74.7,200,1,14,0,0,0,1,0,0,0,0,0,1,0,0,0
16.1221,79.0279,332,19.2,56.9,23.13059394,27,357,2,87.8,217,1,13,4,0,1,0,0,0,0,0,0,0,1,0,0
1.3877,64.0078,388,27.4,50.6,2.092108035,58,401,5,81.4,196,0,14,0,0,1,0,0,0,0,1,0,0,0,0,0
30.3691,-111.1134,377,18.2,51.7,25.87850003,34,306,8,87.9,139,0,22,1,0,1,0,1,0,0,0,0,0,0,0,0
53.517,152.1576,265,23.5,78.4,5.71990618,60,107,3,62.4,237,0,23,0,0,0,0,0,1,0,0,0,0,0,0,0
-20.984,-125.2428,316,19.8,70.6,7.859713016,18,194,4,95.8,240,1,6,6,0,1,0,0,0,0,0,0,0,0,1,0
-59.8257,-2.9502,239,28.7,64,12.58796984,35,469,3,63.9,293,0,20,5,1,0,0,0,0,0,0,0,1,0,0,0
-49.2845,40.5814,241,21.4,70.9,6.06128875,48,121,4,75.3,195,1,8,6,1,0,0,0,0,1,0,0,0,0,0,0
88.2246,-148.6037,326,27.2,69.3,12.52563882,24,492,9,72.5,223,1,7,6,0,1,0,1,0,0,0,0,0,0,0,0
-13.535,94.6256,357,24,76.1,5.92576727,39,339,9,97.8,146,0,12,4,0,1,0,0,1,0,0,0,0,0,0,0
57.1287,148.1805,279,19.6,55.9,33.37066546,30,187,9,90.5,126,1,5,3,0,0,1,0,0,0,0,0,1,0,0,0
-61.8546,43.8074,106,26.7,53.3,0.197033482,39,128,5,88,117,0,7,1,0,1,0,0,1,0,0,0,0,0,0,0
9.0931,-155.6411,381,20,52.9,39.07005495,13,216,5,87.3,160,0,5,4,0,0,0,0,0,0,0,0,0,1,0,0
-19.6632,-133.2353,416,20.5,61.9,8.606232919,51,172,1,75.5,112,0,6,4,0,1,0,0,0,0,0,0,0,1,0,0
43.4429,-106.3154,147,19,73.2,8.066268621,60,260,5,77.2,216,1,21,0,0,1,0,0,0,0,0,0,0,0,0,1
-24.6226,30.2486,277,28.1,55.1,3.738173983,44,111,3,91.8,282,0,2,2,0,0,0,0,0,1,0,0,0,0,0,0
5.6237,177.8639,116,23,79.6,6.868632936,55,362,1,96.6,222,0,14,6,0,1,0,0,0,0,0,0,0,0,0,0
-49.8421,-83.2963,324,22.2,62.9,8.798034147,50,365,7,95.8,210,1,14,1,0,0,1,0,0,0,0,0,0,1,0,0
22.5359,82.6248,325,26,56,0.997078706,34,359,4,72.2,248,0,22,0,0,0,0,0,0,0,0,0,0,0,0,0
30.8916,173.4833,245,22,61.2,7.985096086,22,480,6,89.3,284,0,9,0,1,1,0,1,0,0,0,0,0,0,0,0
3.0051,-89.4957,424,23.2,50.2,32.65572707,55,385,9,83.2,228,0,11,2,0,0,0,0,0,0,0,1,0,0,0,0
-9.8416,87.3444,467,26.5,62.1,11.75294701,54,222,2,97.3,259,1,17,4,1,0,1,0,0,0,0,1,0,0,0,0
-84.6425,70.457,262,23.4,62,7.645712262,36,272,7,82.9,146,1,12,6,0,0,1,0,0,0,1,0,0,0,0,0
1.8375,71.811,356,21.6,60.4,8.671345665,45,292,1,94.3,196,0,3,1,0,0,0,0,0,0,0,0,0,1,0,0
-69.8671,-68.073,166,20.4,70.2,8.52138005,19,391,5,74,238,1,17,0,1,0,0,0,0,0,0,0,1,0,0,0
72.8374,179.4522,349,25.6,53.9,3.986277341,26,189,9,77.1,285,1,4,1,0,0,1,0,0,0,1,0,0,0,0,0
50.8775,-155.5478,338,26.8,68.3,12.22745907,45,458,9,76.7,191,0,1,1,0,1,0,0,0,0,0,0,0,1,0,0
23.7118,-92.9098,273,19.9,63.6,8.532397587,27,265,8,77,243,0,13,3,0,0,0,0,0,0,0,1,0,0,0,0
65.9641,85.9925,239,25.8,56,2.697546311,50,274,7,88.3,261,0,10,0,1,1,0,0,0,0,0,0,0,1,0,0
41.7285,131.8376,278,22.8,52.9,36.12706463,18,104,4,71.2,190,1,9,2,1,0,1,0,0,0,0,0,0,0,0,1
-79.2933,52.6196,412,20.2,65,9.610745554,14,230,2,72.9,249,1,15,0,0,0,0,0,0,0,0,0,0,0,0,0
78.1285,162.4365,125,25.4,61.5,10.08752619,50,408,6,83.4,221,0,19,0,1,1,0,0,0,0,0,0,1,0,0,0
56.5445,31.2501,404,24.7,74.2,7.964545569,23,459,1,71.7,127,1,21,3,0,0,1,0,0,0,0,0,0,0,1,0
44.2451,-34.2571,392,29.1,51.3,2.198291691,35,434,7,70.8,249,0,12,4,0,0,0,0,0,0,0,0,0,0,0,1
-27.8944,104.517,145,29.8,75.7,13.29100959,60,287,9,87.6,216,0,7,0,0,1,0,0,0,0,0,0,0,1,0,0
77.0206,0.8221,485,24.6,50.3,35.88662905,11,155,1,84.9,161,1,16,5,0,0,1,0,0,0,1,0,0,0,0,0
72.3311,-105.9002,312,19.1,52,37.34255102,50,263,2,87.6,123,1,9,5,1,1,0,0,0,0,1,0,0,0,0,0
-30.4204,70.9998,286,25.1,56.2,4.149776794,50,408,10,99.3,148,0,17,2,1,1,0,0,0,0,0,0,1,0,0,0
-71.5279,-171.9428,396,23,61.1,5.206781957,14,439,8,91.9,119,0,20,4,1,0,0,0,0,1,0,0,0,0,0,0
-53.2492,-17.118,352,26.6,70.3,14.9375495,12,260,7,77.4,267,0,18,4,1,1,0,0,0,0,0,0,0,0,0,0
-30.8076,-167.4756,410,28.4,52.7,3.52900136,48,352,8,95.5,213,0,5,2,0,1,0,0,0,0,0,0,0,1,0,0
-44.764,-118.3579,484,22.8,53.7,23.01999083,18,176,4,73.7,131,1,19,5,1,0,0,1,0,0,0,0,0,0,0,0
47.5743,144.998,152,18.7,68.6,7.605281447,51,483,2,87.8,163,0,14,0,0,0,0,0,0,0,0,0,0,0,0,0
-23.2761,-88.0696,329,27.3,68.4,10.44395833,57,418,1,90,101,0,17,0,1,1,0,0,0,0,0,1,0,0,0,0
-18.8295,76.8645,314,23.8,63.7,8.223149235,41,117,8,69.5,147,1,15,3,0,1,0,0,0,1,0,0,0,0,0,0
58.3197,0.0698,121,27.2,71.1,10.1888761,44,340,8,74.6,286,0,0,1,0,1,0,0,0,1,0,0,0,0,0,0
-84.8788,-37.2609,428,24.1,58.4,21.04832599,11,111,6,81.1,111,0,8,3,1,1,0,0,0,0,0,0,0,0,0,0
28.387,33.4827,113,23,73.4,6.338789611,50,309,8,71.7,293,0,9,1,1,1,0,1,0,0,0,0,0,0,0,0
87.018,-27.3053,201,27.9,64.4,10.92309196,30,198,7,93.9,276,1,14,0,0,0,0,0,0,0,0,0,0,1,0,0
-9.7509,-86.2981,227,28.3,62.8,13.13785847,30,400,4,68.2,194,1,6,3,0,1,0,0,0,0,0,0,0,0,1,0
79.8212,-21.6975,445,25.3,57.9,4.75464895,38,364,1,93.6,275,0,21,2,0,1,0,0,1,0,0,0,0,0,0,0
33.0027,-70.5854,407,29.6,64.3,14.82631279,10,102,6,98.5,133,1,10,0,1,0,1,0,1,0,0,0,0,0,0,0
-12.452,-174.3397,135,22.9,60.9,5.454567165,42,379,8,93.2,159,1,11,4,0,0,1,0,0,0,0,0,0,0,1,0
-19.6171,-163.0539,160,22.3,69.7,8.388311089,37,255,7,66.8,170,0,18,4,1,1,0,0,0,0,0,0,0,0,0,0
13.7939,25.2973,472,22.7,53,36.67845629,30,389,6,86.8,232,1,1,1,0,0,1,0,0,0,0,1,0,0,0,0
-46.8643,158.7293,408,19.5,65.2,7.123066661,25,230,3,61.9,245,0,19,4,1,1,0,1,0,0,0,0,0,0,0,0
-35.2452,78.2544,306,26.1,74.8,13.59326201,37,232,7,77.1,289,1,10,5,1,0,1,0,0,0,1,0,0,0,0,0
17.5448,-68.5291,107,28.6,54.6,1.673582255,52,180,1,89.8,194,0,2,6,0,1,0,0,0,1,0,0,0,0,0,0
-87.1408,-147.3922,155,26.9,75,11.64131428,25,446,5,96.8,176,0,5,4,0,1,0,0,1,0,0,0,0,0,0,0
-73.5498,115.0268,414,26.8,73.9,13.12310437,14,130,1,86.9,267,1,13,0,0,0,1,1,0,0,0,0,0,0,0,0
75.223,158.8602,177,19.9,58.4,20.35882458,57,335,5,98.6,283,1,10,4,1,0,0,0,0,0,0,1,0,0,0,0
-40.8267,51.4673,118,26.8,65.4,13.61490577,21,475,1,96.9,165,0,4,4,0,1,0,0,0,0,0,0,0,0,0,1
-80.2129,116.4288,438,25,65.2,11.61625172,49,421,3,82.4,273,0,21,6,0,1,0,0,0,0,0,0,0,0,0,0
18.761,139.9566,154,26.8,56,4.944896763,13,413,8,73.8,220,1,20,3,1,0,0,0,0,0,0,0,0,0,0,0
9.1346,9.0052,320,24.3,77,6.408189077,56,410,3,73.4,141,0,8,5,1,0,0,0,0,0,0,0,0,0,1,0
-28.6942,-75.4244,402,20.3,56.6,39.88667792,52,149,4,82.6,158,1,12,2,0,1,0,0,0,0,0,0,0,0,0,0
23.9592,-88.7602,443,18.9,68.8,9.414013213,36,159,2,86.3,171,0,23,6,0,0,0,0,0,0,0,0,0,1,0,0
68.1545,43.8007,246,22,58.1,28.9349355,54,128,7,61,265,1,9,0,1,0,1,0,0,0,0,0,0,1,0,0
76.0358,53.043,146,20.7,50.6,27.86440562,28,201,10,75.9,178,0,23,4,0,0,0,0,0,0,0,0,0,0,0,1
-30.0307,157.1442,108,23,73.4,8.055858292,13,324,2,77.9,233,0,10,5,1,0,0,0,0,0,0,0,0,0,0,0
-79.2584,125.5026,152,22.8,65.2,9.672933577,33,386,4,63.3,227,1,19,1,1,0,1,0,0,0,0,0,0,0,0,0
-86.6606,29.6786,361,29.7,62.2,10.21813402,35,131,9,61.8,253,1,3,5,0,1,0,1,0,0,0,0,0,0,0,0
-60.0975,-13.7518,495,23.8,69.8,6.579612017,22,487,9,86.1,108,1,22,0,0,0,1,0,1,0,0,0,0,0,0,0
50.475,-168.8578,187,24.5,73.1,9.360841702,23,382,7,67.4,149,0,3,1,0,0,0,0,0,0,0,1,0,0,0,0
20.9244,-59.3367,202,26.5,77.8,14.17817407,31,298,8,60.6,102,1,9,0,1,0,0,0,0,1,0,0,0,0,0,0
-8.4784,117.2494,384,24.5,62.2,7.983721577,45,418,7,75.8,298,0,3,3,0,0,0,0,0,0,1,0,0,0,0,0
-30.809,-126.7483,486,25.8,64.9,11.7493141,31,136,9,85.4,178,0,3,6,0,0,0,0,0,0,0,0,0,0,1,0
17.9831,-135.1026,488,25.4,64.3,10.67288803,14,254,1,84,250,0,18,1,1,0,0,0,0,0,0,0,0,0,1,0
-28.2385,-87.7617,244,29.1,67.2,11.71717627,18,118,5,70.5,290,1,12,6,0,0,1,0,0,0,0,0,0,0,1,0
18.1994,40.5771,193,25.7,64,11.47437276,33,335,8,90,240,1,0,6,0,0,1,0,1,0,0,0,0,0,0,0
-3.5038,21.9533,268,18.7,69.5,6.867880235,39,101,9,77.1,205,1,2,6,0,0,1,0,0,0,0,0,0,1,0,0
88.528,-0.3595,375,19.2,72.9,5.000403826,58,119,7,96.9,213,1,21,1,0,1,0,0,1,0,0,0,0,0,0,0
-24.7838,-21.176,465,28,59.6,1.051360598,51,305,10,96.9,153,0,11,0,0,0,0,0,0,0,0,0,0,0,0,1
56.1373,82.4192,258,19.3,74.2,8.702839806,52,407,8,84.7,245,1,12,4,0,1,0,1,0,0,0,0,0,0,0,0
-13.2882,-171.9473,254,27.3,71.7,11.89054106,38,279,10,91.5,111,0,18,2,1,1,0,0,0,0,0,0,0,0,0,0
68.9345,172.152,456,20.9,71.2,6.776995116,46,414,10,90.6,280,0,1,6,0,0,0,1,0,0,0,0,0,0,0,0
-80.9601,52.614,158,29.7,78.2,11.68058758,43,334,5,72.7,181,1,17,4,1,0,1,0,0,0,0,0,0,1,0,0
57.2271,59.2588,158,25.9,51.3,2.542421739,46,308,7,64.6,115,1,23,1,0,1,0,0,0,0,0,1,0,0,0,0
82.6307,-111.6216,260,23.2,56.3,26.18378405,57,329,7,77.9,258,0,7,6,0,0,0,1,0,0,0,0,0,0,0,0
53.0221,110.4363,249,21.4,56.6,36.37891951,49,398,10,67.3,279,0,19,2,1,1,0,0,1,0,0,0,0,0,0,0
21.6362,35.7292,224,28.3,69,14.65806868,20,445,6,60.1,259,1,12,3,0,0,0,0,0,0,0,0,1,0,0,0
-0.5646,175.2938,162,29.4,65.9,14.99637427,40,262,2,61.5,298,0,22,6,0,1,0,0,0,0,0,0,0,0,1,0
-53.9744,-52.4536,160,20.7,63.1,9.373007294,52,488,3,79.6,246,0,1,5,0,0,0,0,0,0,1,0,0,0,0,0
70.9071,-64.7863,260,18.8,55,25.16286594,13,428,2,73.9,198,0,7,4,0,1,0,0,0,0,0,0,0,0,1,0
-32.3196,-16.4458,245,23.3,59.8,25.92161565,28,142,5,80.7,160,0,13,5,0,0,0,0,0,0,0,0,0,1,0,0
-9.6291,39.6506,495,25.1,75.5,14.88820186,39,234,1,74.8,203,0,13,4,0,1,0,0,0,0,0,0,0,1,0,0
-69.5639,-74.6473,236,18.2,50.5,23.70905154,20,260,2,61.1,278,1,1,5,0,0,0,0,0,0,0,0,0,0,1,0
49.043,-4.5352,259,21.3,79.3,7.482868309,49,276,2,99.1,259,0,4,3,0,1,0,0,0,0,0,0,0,0,0,1
69.7608,-77.0188,227,27.6,68.1,11.50971208,60,399,1,64.1,126,0,16,4,0,1,0,0,0,0,0,0,0,1,0,0
27.4034,-35.8705,204,20.5,60.2,6.059319205,26,460,5,66.9,231,0,21,2,0,0,0,0,0,0,0,0,0,1,0,0
-31.4314,-110.7069,384,18.5,79,6.272131801,21,185,8,68.1,143,1,12,5,0,1,0,1,0,0,0,0,0,0,0,0
63.5554,151.4083,187,18.9,60.3,8.984578451,34,223,1,85.3,197,1,0,4,0,0,0,0,0,0,0,0,1,0,0,0
86.6663,-8.1036,302,19.5,64.5,7.563443224,38,149,10,69,213,0,8,4,1,1,0,0,0,1,0,0,0,0,0,0
62.9549,134.6387,177,24.7,70.6,6.117223568,58,301,1,82.7,254,1,14,5,0,0,1,0,0,1,0,0,0,0,0,0
57.555,179.2349,448,21.5,55.7,22.9398622,55,500,2,86.7,173,1,11,6,0,0,1,0,1,0,0,0,0,0,0,0
-8.3428,-26.2702,197,22.9,71.9,9.901750217,18,387,9,71,140,0,16,5,0,0,0,0,0,0,0,1,0,0,0,0
-51.6025,114.3963,428,28.6,77.7,12.05388452,14,175,9,96.2,115,1,19,4,1,0,1,1,0,0,0,0,0,0,0,0
-30.946,-65.5352,435,24.7,75.3,8.717692053,41,245,2,87.1,232,1,23,3,0,0,1,0,0,0,0,0,0,0,1,0
-47.3503,-100.2211,309,20.2,65.8,8.688535647,26,105,9,60.7,244,0,16,3,0,1,0,0,0,0,0,0,1,0,0,0
29.2931,-63.656,346,21.5,60.1,8.526478829,17,370,9,70.8,259,0,10,4,1,0,0,0,0,0,0,0,0,0,0,1
-67.4262,-107.5156,428,29.1,55.9,0.500147985,34,176,2,89.5,123,0,2,3,0,0,0,0,1,0,0,0,0,0,0,0
82.8116,62.1983,106,21.6,79.3,7.014601143,51,120,9,96.2,228,0,11,3,0,0,0,0,0,0,0,1,0,0,0,0
58.6218,133.4487,154,25.8,69,10.39868402,60,357,10,87.9,269,1,20,6,1,0,0,0,0,1,0,0,0,0,0,0
-31.9959,164.6097,417,23.8,50.7,37.03680196,47,278,2,88.7,226,1,19,5,1,0,1,1,0,0,0,0,0,0,0,0
84.8041,86.1533,438,20.6,79.3,5.358561157,37,431,5,71.7,246,1,10,3,1,0,1,0,0,0,0,1,0,0,0,0
-11.147,-97.9335,106,29.6,62,10.75217935,54,410,9,62.3,111,1,16,4,0,0,1,0,0,0,0,1,0,0,0,0
-9.8535,-164.784,147,27.5,51.6,4.902087075,15,496,4,68.4,238,1,8,5,1,0,0,0,0,0,1,0,0,0,0,0
35.674,177.2099,248,23,72.3,7.097796266,35,256,3,99.2,296,1,22,2,0,0,1,0,0,0,0,0,0,1,0,0
87.965,-109.0684,299,20.5,75.2,8.058977604,21,148,6,67.5,150,0,22,3,0,0,0,0,0,0,0,0,0,1,0,0
68.1229,9.8155,382,20.6,72.8,5.103995402,10,128,1,79.2,157,1,2,5,0,0,1,0,0,0,0,0,0,1,0,0
84.0215,75.4829,236,19.4,57.2,28.69570122,13,368,2,83.7,276,1,19,2,1,0,1,0,1,0,0,0,0,0,0,0
73.9154,-123.8449,122,28.3,80,19.36415067,43,444,10,91.6,141,1,12,6,0,1,0,0,0,0,1,0,0,0,0,0
56.2829,49.0292,201,24.4,50.8,20.86945782,13,367,2,88.3,174,1,3,2,0,0,1,1,0,0,0,0,0,0,0,0
-89.0981,33.8294,226,18.6,77.9,9.665148876,30,252,10,67.3,145,1,13,5,0,0,1,0,0,0,0,0,0,0,0,1
0.4055,97.6022,266,23.5,60.2,9.254281257,57,108,2,65.5,202,1,14,0,0,0,1,0,0,0,0,0,0,0,0,1
29.7128,-51.8993,277,29.2,56.9,0.976550424,24,100,2,84.2,164,0,5,4,0,1,0,0,0,0,0,0,0,0,1,0
76.8582,-8.4829,475,24.3,52.6,21.11622408,55,283,6,95.9,173,1,9,5,1,0,1,0,0,0,1,0,0,0,0,0
-74.188,-176.0141,387,28.1,64.7,12.03883361,51,340,10,61.1,243,0,7,2,0,0,0,0,0,0,0,0,0,0,1,0
14.1533,164.1186,286,25,68.4,13.21484553,50,382,5,71.9,283,1,18,5,1,0,1,0,0,0,0,0,1,0,0,0
3.9786,-135.2219,367,27,55.1,4.073884871,47,449,9,99.7,109,1,10,5,1,0,1,0,0,0,0,0,0,1,0,0
-40.9216,27.5281,371,27.4,50.9,4.045981738,40,463,8,90.7,144,1,17,5,1,0,0,0,0,0,1,0,0,0,0,0
-58.4321,-90.5118,315,23.5,68.6,9.293781214,20,372,1,63.8,221,1,5,6,0,0,1,0,0,0,0,0,0,1,0,0
41.7679,-95.8135,262,24.5,50.1,20.09693628,20,387,2,95,145,1,5,0,0,0,1,0,0,0,0,0,1,0,0,0
61.9423,34.526,201,23.9,57.8,28.11475213,24,170,1,90.8,104,1,9,1,1,0,1,0,0,0,0,0,0,1,0,0
46.9729,-36.5198,420,21.6,62.8,8.373816711,31,242,10,95.6,221,1,10,0,1,0,0,0,0,0,1,0,0,0,0,0
44.2477,175.0702,143,21.6,64.1,8.193834866,32,307,10,64,168,0,0,3,0,1,0,0,0,0,0,0,0,0,0,0
89.8701,73.6867,264,26.9,70,12.61107382,32,188,1,79.2,213,1,16,0,0,0,1,0,0,0,0,0,1,0,0,0
-10.4792,-177.1239,479,23.7,77.9,5.736274685,56,276,7,83.7,272,0,4,1,0,1,0,0,0,0,0,1,0,0,0,0
-71.0609,75.3714,347,21,63.1,7.985424803,35,382,5,74.8,275,0,22,6,0,1,0,0,1,0,0,0,0,0,0,0
-76.791,18.3631,276,18,64.3,8.483009129,10,361,5,88.6,242,1,23,3,0,0,1,0,1,0,0,0,0,0,0,0
59.8356,-114.4198,157,18.7,73.6,6.406406726,55,323,9,81.3,141,1,19,2,1,0,0,0,0,0,0,0,0,0,1,0
